STT Hãng,Hãng,Tên Máy,Device URL,Thumbnail URL,Trạng Thái,Ghi Chú Lỗi (Cào tay)
1,Benefon,TWIG Discovery Pro,https://www.gsmarena.com/benefon_twig_discovery_pro-1915.php,https://fdn2.gsmarena.com/vv/bigpic/benefon-twig-pro.gif,Success,
2,Benefon,TWIG Discovery,https://www.gsmarena.com/benefon_twig_discovery-1792.php,https://fdn2.gsmarena.com/vv/bigpic/benefon-twig.gif,Success,
3,Benefon,Q,https://www.gsmarena.com/benefon_q-42.php,https://fdn2.gsmarena.com/vv/bigpic/beqb.gif,Success,
4,Benefon,Track,https://www.gsmarena.com/benefon_track-43.php,https://fdn2.gsmarena.com/vv/bigpic/belocub.gif,Success,
5,Benefon,Twin+,https://www.gsmarena.com/benefon_twin+-209.php,https://fdn2.gsmarena.com/vv/bigpic/betwinb.gif,Success,
6,Benefon,Twin,https://www.gsmarena.com/benefon_twin-41.php,https://fdn2.gsmarena.com/vv/bigpic/betwinb.gif,Success,
7,Benefon,Esc!,https://www.gsmarena.com/benefon_esc!-44.php,https://fdn2.gsmarena.com/vv/bigpic/beescb.gif,Success,
8,Benefon,iO,https://www.gsmarena.com/benefon_io-45.php,https://fdn2.gsmarena.com/vv/bigpic/beiob.gif,Success,
9,Benefon,Vega,https://www.gsmarena.com/benefon_vega-46.php,https://fdn2.gsmarena.com/vv/bigpic/bevegab.gif,Success,
