device_id,brand,device_name,release_year,image_url
apple_iphone_17_pro_max_13964,Apple,Apple iPhone 17 Pro Max,2025,https://fdn2.gsmarena.com/vv/bigpic/apple-iphone-17-pro-max.jpg
apple_iphone_17e_14487,Apple,Apple iPhone 17e,2026,https://fdn2.gsmarena.com/vv/bigpic/apple-iphone-17e.jpg
apple_iphone_18_pro_max,Apple,iPhone 18 Pro Max,2024,https://cdn-icons-png.flaticon.com/512/0/191.png
apple_iphone_17_air_13502,Apple,Apple iPhone Air,2025,https://fdn2.gsmarena.com/vv/bigpic/apple-iphone-air.jpg
apple_iphone_16_pro_max_13123,Apple,Apple iPhone 16 Pro Max,2024,https://fdn2.gsmarena.com/vv/bigpic/apple-iphone-16-pro-max.jpg
apple_iphone_15_pro_max_12548,Apple,Apple iPhone 15 Pro Max,2023,https://fdn2.gsmarena.com/vv/bigpic/apple-iphone-15-pro-max.jpg
apple_iphone_13_pro_max_11089,Apple,Apple iPhone 13 Pro Max,2021,https://fdn2.gsmarena.com/vv/bigpic/apple-iphone-13-pro-max.jpg
apple_iphone_18_pro,Apple,iPhone 18 Pro,2024,https://cdn-icons-png.flaticon.com/512/0/191.png
apple_iphone_16e_13395,Apple,Apple iPhone 16e,2025,https://fdn2.gsmarena.com/vv/bigpic/apple-iphone-16e.jpg
apple_iphone_14_pro_11860,Apple,Apple iPhone 14 Pro,2022,https://fdn2.gsmarena.com/vv/bigpic/apple-iphone-14-pro.jpg
samsung_galaxy_s26_ultra_5g_14320,Samsung,Samsung Galaxy S26 Ultra,2026,https://fdn2.gsmarena.com/vv/bigpic/samsung-galaxy-s26-ultra-new.jpg
samsung_galaxy_s25_ultra_13322,Samsung,Samsung Galaxy S25 Ultra,2025,https://fdn2.gsmarena.com/vv/bigpic/samsung-galaxy-s25-ultra-sm-s938.jpg
samsung_galaxy_a57_5g_14379,Samsung,Samsung Galaxy A57,2026,https://fdn2.gsmarena.com/vv/bigpic/samsung-galaxy-a57.jpg
samsung_galaxy_s25_13610,Samsung,Samsung Galaxy S25,2025,https://fdn2.gsmarena.com/vv/bigpic/samsung-galaxy-s25-sm-s931.jpg
samsung_galaxy_z_fold8_ultra_5g_14802,Samsung,Samsung Galaxy Z Fold8 Ultra,2026,https://fdn2.gsmarena.com/vv/bigpic/samsung-galaxy-z-fold8-ultra-r1.jpg
samsung_galaxy_z_fold_wide_5g_14673,Samsung,Samsung Galaxy Z Fold8,2026,https://fdn2.gsmarena.com/vv/bigpic/samsung-galaxy-z-fold8.jpg
samsung_galaxy_z_flip8_5g_14803,Samsung,Samsung Galaxy Z Flip8,2026,https://fdn2.gsmarena.com/vv/bigpic/samsung-galaxy-z-flip8.jpg
samsung_galaxy_s26_5g_14456,Samsung,Samsung Galaxy S26,2026,https://fdn2.gsmarena.com/vv/bigpic/samsung-galaxy-s26.jpg
samsung_galaxy_s26_fe_5g_14870,Samsung,Samsung Galaxy S26 FE,2026,https://fdn2.gsmarena.com/vv/bigpic/samsung-samsung-galaxy-s26-fe.jpg
samsung_galaxy_a07_5g_14409,Samsung,Samsung Galaxy A07,2026,https://fdn2.gsmarena.com/vv/bigpic/samsung-galaxy-a07-5g.jpg
samsung_galaxy_a17_14157,Samsung,Samsung Galaxy A17 4G,2025,https://fdn2.gsmarena.com/vv/bigpic/samsung-galaxy-a17.jpg
samsung_galaxy_a37_5g_14378,Samsung,Samsung Galaxy A37,2026,https://fdn2.gsmarena.com/vv/bigpic/samsung-galaxy-a37.jpg
samsung_galaxy_s25_fe_5g_14042,Samsung,Samsung Galaxy S25 FE,2025,https://fdn2.gsmarena.com/vv/bigpic/samsung-galaxy-s25-fe.jpg
samsung_galaxy_z_fold7_13826,Samsung,Samsung Galaxy Z Fold7,2025,https://fdn2.gsmarena.com/vv/bigpic/samsung-galaxy-z-fold7.jpg
samsung_galaxy_a56_13603,Samsung,Samsung Galaxy A56,2025,https://fdn2.gsmarena.com/vv/bigpic/samsung-galaxy-a56-.jpg
samsung_galaxy_a27_5g_14606,Samsung,Samsung Galaxy A27,2026,https://fdn2.gsmarena.com/vv/bigpic/samsung-galaxy-a27.jpg
xiaomi_poco_x8_pro_max_5g_14507,Xiaomi,Xiaomi Poco X8 Pro Max,2026,https://fdn2.gsmarena.com/vv/bigpic/xiaomi-poco-x8-pro-max.jpg
xiaomi_redmi_note_14_pro_4g__global__13614,Xiaomi,Xiaomi Redmi Note 14 Pro 4G,2025,https://fdn2.gsmarena.com/vv/bigpic/xiaomi-redmi-note-14-pro-4g-gl.jpg
xiaomi_poco_f8_pro_5g_14303,Xiaomi,Xiaomi Poco F8 Pro,2025,https://fdn2.gsmarena.com/vv/bigpic/xiaomi-poco-f8-pro.jpg
xiaomi_redmi_a7_pro_14463,Xiaomi,Xiaomi Redmi A7 Pro 4G,2026,https://fdn2.gsmarena.com/vv/bigpic/xiaomi-redmi-a7-pro.jpg
xiaomi_poco_f9_ultra_5g_14876,Xiaomi,Xiaomi Poco F9 Ultra,2026,https://fdn2.gsmarena.com/vv/bigpic/xiaomi-poco-f9-ultra.jpg
xiaomi_redmi_note_17_5g_14846,Xiaomi,Xiaomi Redmi Note 17,2026,https://fdn2.gsmarena.com/vv/bigpic/xiaomi-redmi-note-17.jpg
xiaomi_redmi_note_15_5g__global__14328,Xiaomi,Xiaomi Redmi Note 15,2025,https://fdn2.gsmarena.com/vv/bigpic/xiaomi-redmi-note-15-global.jpg
xiaomi_redmi_note_17_pro_5g_14844,Xiaomi,Xiaomi Redmi Note 17 Pro,2026,https://fdn2.gsmarena.com/vv/bigpic/xiaomi-redmi-note-17-pro.jpg
xiaomi_redmi_note_17_pro_max_5g_14845,Xiaomi,Xiaomi Redmi Note 17 Pro Max,2026,https://fdn2.gsmarena.com/vv/bigpic/xiaomi-redmi-note-17-pro-max.jpg
xiaomi_17t_5g_14652,Xiaomi,Xiaomi 17T,2026,https://fdn2.gsmarena.com/vv/bigpic/xiaomi-17t.jpg
xiaomi_17t_pro_5g_14651,Xiaomi,Xiaomi 17T Pro,2026,https://fdn2.gsmarena.com/vv/bigpic/xiaomi-17t-pro.jpg
xiaomi_redmi_15_5g_14036,Xiaomi,Xiaomi Redmi 15,2025,https://fdn2.gsmarena.com/vv/bigpic/xiaomi-redmi-15-5g.jpg
xiaomi_17_ultra_5g_14380,Xiaomi,Xiaomi 17 Ultra,2026,https://fdn2.gsmarena.com/vv/bigpic/xiaomi-17-ultra-global.jpg
xiaomi_redmi_note_15_pro__5g__global__14326,Xiaomi,Xiaomi Redmi Note 15 Pro+,2025,https://fdn2.gsmarena.com/vv/bigpic/xiaomi-redmi-note-15-pro-plus-global.jpg
xiaomi_15_ultra_13657,Xiaomi,Xiaomi 15 Ultra,2025,https://fdn2.gsmarena.com/vv/bigpic/xiaomi-15-ultra-.jpg
oppo_reno16_f_5g_14751,OPPO,Oppo Reno16 F,2026,https://fdn2.gsmarena.com/vv/bigpic/oppo-reno16-f.jpg
oppo_find_x9s_5g_14617,OPPO,Oppo Find X9s,2026,https://fdn2.gsmarena.com/vv/bigpic/oppo-find-x9s-new.jpg
oppo_find_n6_5g_14389,OPPO,Oppo Find N6,2026,https://fdn2.gsmarena.com/vv/bigpic/oppo-find-n6.jpg
oppo_find_x9_ultra_5g_14548,OPPO,Oppo Find X9 Ultra,2026,https://fdn2.gsmarena.com/vv/bigpic/oppo-find-x9-ultra-new.jpg
oppo_reno15_5g__global__14395,OPPO,Oppo Reno15,2026,https://fdn2.gsmarena.com/vv/bigpic/oppo-reno15-global.jpg
oppo_reno15_f_5g_14396,OPPO,Oppo Reno15 F,2026,https://fdn2.gsmarena.com/vv/bigpic/oppo-reno15-f.jpg
oppo_reno12_13133,OPPO,Oppo Reno12,2024,https://fdn2.gsmarena.com/vv/bigpic/oppo-reno12.jpg
oppo_find_x9_pro_14094,OPPO,Oppo Find X9 Pro,2025,https://fdn2.gsmarena.com/vv/bigpic/oppo-find-x9-pro.jpg
oppo_reno10_pro_12413,OPPO,Oppo Reno10 Pro,2023,https://fdn2.gsmarena.com/vv/bigpic/oppo-reno10-pro-international.jpg
oppo_find_x8_13407,OPPO,Oppo Find X8,2024,https://fdn2.gsmarena.com/vv/bigpic/oppo-find-x8.jpg
oppo_a6t_5g_14417,OPPO,Oppo A6t,2026,https://fdn2.gsmarena.com/vv/bigpic/oppo-a6t-5g.jpg
oppo_a6c_14418,OPPO,Oppo A6c,2026,https://fdn2.gsmarena.com/vv/bigpic/oppo-a6c-global.jpg
oppo_reno14_5g_13866,OPPO,Oppo Reno14,2025,https://fdn2.gsmarena.com/vv/bigpic/oppo-reno14.jpg
oppo_find_n3_12205,OPPO,Oppo Find N3,2023,https://fdn2.gsmarena.com/vv/bigpic/oppo-find-n3.jpg
oppo_reno12_f_4g_13216,OPPO,Oppo Reno12 F 4G,2024,https://fdn2.gsmarena.com/vv/bigpic/oppo-reno12-f-4g.jpg
oppo_a6t_pro_14415,OPPO,Oppo A6t Pro 4G,2026,https://fdn2.gsmarena.com/vv/bigpic/oppo-a6t-pro.jpg
oppo_a6_14413,OPPO,Oppo A6 4G,2026,https://fdn2.gsmarena.com/vv/bigpic/oppo-a6-4g.jpg
vivo_y28_4g_13201,vivo,vivo Y28 4G,2024,https://fdn2.gsmarena.com/vv/bigpic/vivo-y28-4g.jpg
vivo_y16_11874,vivo,vivo Y16,2022,https://fdn2.gsmarena.com/vv/bigpic/vivo-y16.jpg
realme_13__13255,realme,Realme 13+,2024,https://fdn2.gsmarena.com/vv/bigpic/realme-13-plus-5g.jpg
honor_400_pro_5g_13798,HONOR,Honor 400 Pro,2025,https://fdn2.gsmarena.com/vv/bigpic/honor-400-pro.jpg
honor_x9d_5g_14176,HONOR,Honor X9d,2025,https://fdn2.gsmarena.com/vv/bigpic/honor-x70.jpg
honor_600_5g__china__14681,HONOR,Honor 600 (China),2026,https://fdn2.gsmarena.com/vv/bigpic/honor-600-cn.jpg
honor_x8d_14351,HONOR,Honor X8d,2025,https://fdn2.gsmarena.com/vv/bigpic/honor-x8d.jpg
honor_x7d_5g_14175,HONOR,Honor X7d,2025,https://fdn2.gsmarena.com/vv/bigpic/honor-400-smart-5g.jpg
honor_magic_v5_13982,HONOR,Honor Magic V5,2025,https://fdn2.gsmarena.com/vv/bigpic/honor-magic-v5.jpg
honor_400_5g__china__13930,HONOR,Honor 400 (China),2025,https://fdn2.gsmarena.com/vv/bigpic/honor-400-cn.jpg
honor_x6c_13938,HONOR,Honor X6c,2025,https://fdn2.gsmarena.com/vv/bigpic/honor-x6c.jpg
honor_x5c_plus_14156,HONOR,Honor X5c Plus,2025,https://fdn2.gsmarena.com/vv/bigpic/honor-x5c-plus-r.jpg
honor_play_9230,HONOR,Honor Play,2018,https://fdn2.gsmarena.com/vv/bigpic/huawei-honor-play-ofic.jpg
tecno_camon_40_13697,TECNO,Tecno Camon 40,2025,https://fdn2.gsmarena.com/vv/bigpic/tecno-camon-40-4g.jpg
tecno_pova_curve_2_5g_14384,TECNO,Tecno Pova Curve 2,2026,https://fdn2.gsmarena.com/vv/bigpic/tecno-pova-curve2-5g.jpg
tecno_spark_40_pro__13986,TECNO,Tecno Spark 40 Pro+,2025,https://fdn2.gsmarena.com/vv/bigpic/techno-spark-40-pro-plus.jpg
tecno_camon_40_pro_5g_13695,TECNO,Tecno Camon 40 Pro,2025,https://fdn2.gsmarena.com/vv/bigpic/tecno-camon-40-pro-5g.jpg
tecno_spark_50_5g_14566,TECNO,Tecno Spark 50,2026,https://fdn2.gsmarena.com/vv/bigpic/tecno-spark50.jpg
tecno_spark_go_3_14420,TECNO,Tecno Spark Go 3,2026,https://fdn2.gsmarena.com/vv/bigpic/tecno-spark-go3.jpg
nubia_nubia_neo_5,Nubia,Nubia Neo 5 5G,2023,https://cdn-icons-png.flaticon.com/512/0/191.png
nubia_nubia_neo_5_gt,Nubia,Nubia Neo 5 GT,2023,https://cdn-icons-png.flaticon.com/512/0/191.png
nubia_zte_nubia_z60s_pro,Nubia,ZTE Nubia Z60S Pro,2023,https://cdn-icons-png.flaticon.com/512/0/191.png
nubia_nubia_neo_5_max,Nubia,Nubia Neo 5 Max 5G,2023,https://cdn-icons-png.flaticon.com/512/0/191.png
nubia_nubia_neo_5_gt_special_edition,Nubia,Nubia Neo 5 GT Special Edition,2023,https://cdn-icons-png.flaticon.com/512/0/191.png
nubia_nubia_neo_3_gt,Nubia,Nubia Neo 3 GT,2023,https://cdn-icons-png.flaticon.com/512/0/191.png
nubia_nubia_v80_max,Nubia,Nubia V80 Max,2023,https://cdn-icons-png.flaticon.com/512/0/191.png
nubia_nubia_neo_3,Nubia,Nubia Neo 3 4G,2023,https://cdn-icons-png.flaticon.com/512/0/191.png
nubia_nubia_v80_design,Nubia,Nubia V80 Design,2023,https://cdn-icons-png.flaticon.com/512/0/191.png
nubia_nubia_air,Nubia,Nubia Air 5G,2023,https://cdn-icons-png.flaticon.com/512/0/191.png
nubia_nubia_v70_max,Nubia,Nubia V70 Max,2023,https://cdn-icons-png.flaticon.com/512/0/191.png
asus_asus_zenfone_max_pro_m2,ASUS,ASUS ZenFone Max Pro M2,2023,https://cdn-icons-png.flaticon.com/512/0/191.png
sony_xperia_1_viii_5g_14660,Sony,Sony Xperia 1 VIII,2026,https://fdn2.gsmarena.com/vv/bigpic/sony-xperia-1-viii.jpg
sony_xperia_1_vii_5g_13843,Sony,Sony Xperia 1 VII,2025,https://fdn2.gsmarena.com/vv/bigpic/sony-xperia-1-vii-violet.jpg
sony_xperia_10_vii_5g_14137,Sony,Sony Xperia 10 VII,2025,https://fdn2.gsmarena.com/vv/bigpic/sony-xperia-10-vii-.jpg
nothing_phone__4b__5g_14781,Nothing,Nothing Phone (4b),2026,https://fdn2.gsmarena.com/vv/bigpic/nothing-phone-4b.jpg
huawei_mate_x7_5g_14314,Huawei,Huawei Mate X7,2025,https://fdn2.gsmarena.com/vv/bigpic/huawei-mate-x7.jpg
huawei_p30_lite_9545,Huawei,Huawei P30 lite,2019,https://fdn2.gsmarena.com/vv/bigpic/huawei-p30-lite-.jpg
huawei_p30_pro_9635,Huawei,Huawei P30 Pro,2019,https://fdn2.gsmarena.com/vv/bigpic/huawei-p30-pro.jpg
huawei_p30_9530,Huawei,Huawei P30,2019,https://fdn2.gsmarena.com/vv/bigpic/huawei-p30.jpg
meizu_meizu_mblu_note_21_pro_nfc,Meizu,Điện thoại Meizu Mblu Note 21 Pro NFC,2023,https://cdn-icons-png.flaticon.com/512/0/191.png
meizu_lucky_08_13365,Meizu,Meizu Lucky 08,2024,https://fdn2.gsmarena.com/vv/bigpic/meizu-lucky-08.jpg
meizu_mblu_22_pro_13700,Meizu,Meizu Mblu 22 Pro,2025,https://fdn2.gsmarena.com/vv/bigpic/meizu-mblu-22-pro.jpg
meizu_mblu_22_13699,Meizu,Meizu Mblu 22,2025,https://fdn2.gsmarena.com/vv/bigpic/meizu-mblu-22.jpg
meizu_mblu_21_13530,Meizu,Meizu mblu 21,2024,https://fdn2.gsmarena.com/vv/bigpic/meizu-mblu-21.jpg
nokia_220_4g__2024__13167,Nokia,Nokia 220 4G (2024),2024,https://fdn2.gsmarena.com/vv/bigpic/nokia-220-4g-2024-new.jpg
nokia_nokia_hmd_105,Nokia,Nokia HMD 105 4G,2023,https://cdn-icons-png.flaticon.com/512/0/191.png
nokia_3210_12990,Nokia,Nokia 3210,2024,https://fdn2.gsmarena.com/vv/bigpic/nokia-3210.jpg
nokia_105__2024__13188,Nokia,Nokia 105 (2024),2024,https://fdn2.gsmarena.com/vv/bigpic/nokia-105-2024.jpg
nokia_110_4g__2024__13471,Nokia,Nokia 110 4G (2024),2024,https://fdn2.gsmarena.com/vv/bigpic/nokia-110-4g-2024.jpg
nokia_7_2_9833,Nokia,Nokia 7.2,2019,https://fdn2.gsmarena.com/vv/bigpic/nokia-72.jpg
nokia_3_2_9604,Nokia,Nokia 3.2,2019,https://fdn2.gsmarena.com/vv/bigpic/nokia-32.jpg
masstel_tr_em_masstel_alfa_5,Masstel,Điện thoại trẻ em Masstel Alfa 5,2023,https://cdn-icons-png.flaticon.com/512/0/191.png
masstel_masstel_izi_15,Masstel,Masstel Izi 15 4G,2023,https://cdn-icons-png.flaticon.com/512/0/191.png
masstel_masstel_izi_t5_plus,Masstel,Masstel izi T5 plus 4G,2023,https://cdn-icons-png.flaticon.com/512/0/191.png
masstel_masstel_fami_8,Masstel,Masstel Fami 8 4G,2023,https://cdn-icons-png.flaticon.com/512/0/191.png
masstel_masstel_izi_t8,Masstel,Masstel izi T8,2023,https://cdn-icons-png.flaticon.com/512/0/191.png
masstel_masstel_izi_s8,Masstel,Masstel Izi S8,2023,https://cdn-icons-png.flaticon.com/512/0/191.png
masstel_masstel_izi_22,Masstel,Masstel izi  22,2023,https://cdn-icons-png.flaticon.com/512/0/191.png
masstel_masstel_fami_25,Masstel,Masstel Fami 25,2023,https://cdn-icons-png.flaticon.com/512/0/191.png
itel_p55_5g_12604,Itel,itel P55 5G,2023,https://fdn2.gsmarena.com/vv/bigpic/itel-power-55.jpg
tcl_tcl_40_nxt_paper,TCL,TCL 40 NXT PAPER,2023,https://cdn-icons-png.flaticon.com/512/0/191.png
tcl_406_12147,TCL,TCL 406,2023,https://fdn2.gsmarena.com/vv/bigpic/tcl-406.jpg
tcl_tcl_40se,TCL,TCL 40SE,2023,https://cdn-icons-png.flaticon.com/512/0/191.png
tcl_408_12060,TCL,TCL 408,2023,https://fdn2.gsmarena.com/vv/bigpic/tcl-408.jpg
apple_iphone_16_pro_max_c_p,Apple,iPhone 16 Pro Max  - Cũ Đẹp,2024,https://cdn-icons-png.flaticon.com/512/0/191.png
apple_iphone_15_pro_max_c_p,Apple,iPhone 15 Pro Max  - Cũ Đẹp,2024,https://cdn-icons-png.flaticon.com/512/0/191.png
apple_iphone_15_plus_c_p,Apple,iPhone 15 Plus  - Cũ Đẹp,2023,https://cdn-icons-png.flaticon.com/512/0/191.png
apple_iphone_14_pro_max_c_p,Apple,iPhone 14 Pro Max  - Cũ Đẹp,2023,https://cdn-icons-png.flaticon.com/512/0/191.png
apple_iphone_14_plus_c_p,Apple,iPhone 14 Plus  - Cũ Đẹp,2023,https://cdn-icons-png.flaticon.com/512/0/191.png
apple_iphone_13_pro_max_c_tr_y_x_c,Apple,iPhone 13 Pro Max  - Cũ trầy xước,2023,https://cdn-icons-png.flaticon.com/512/0/191.png
oppo_find_n5_13659,OPPO,Oppo Find N5,2025,https://fdn2.gsmarena.com/vv/bigpic/oppo-find-n5.jpg
apple_iphone_14_pro_max_c_tr_y_x_c,Apple,iPhone 14 Pro Max  - Cũ Trầy Xước,2023,https://cdn-icons-png.flaticon.com/512/0/191.png
apple_iphone_15_pro_max_c_tr_y_x_c,Apple,iPhone 15 Pro Max  - Cũ Trầy Xước,2024,https://cdn-icons-png.flaticon.com/512/0/191.png
apple_iphone_13_pro_max_c_p,Apple,iPhone 13 Pro Max  - Cũ đẹp,2023,https://cdn-icons-png.flaticon.com/512/0/191.png
apple_iphone_16_pro_max_c_tr_y_x_c,Apple,iPhone 16 Pro Max  - Cũ Trầy Xước,2024,https://cdn-icons-png.flaticon.com/512/0/191.png
apple_iphone_16_pro_c_p,Apple,iPhone 16 Pro  - Cũ Đẹp,2024,https://cdn-icons-png.flaticon.com/512/0/191.png
apple_iphone_12_pro_max_c_p,Apple,iPhone 12 Pro Max  - Cũ Đẹp,2023,https://cdn-icons-png.flaticon.com/512/0/191.png
apple_iphone_duo,Apple,iPhone Duo,2024,https://cdn-icons-png.flaticon.com/512/0/191.png
apple_iphone_air_apple_vi_t_nam,Apple,iPhone Air  - Chính hãng Apple Việt Nam,2024,https://cdn-icons-png.flaticon.com/512/0/191.png
apple_iphone_17_apple_vi_t_nam,Apple,iPhone 17  - Chính hãng Apple Việt Nam,2024,https://cdn-icons-png.flaticon.com/512/0/191.png
apple_iphone_17_pro_apple_vi_t_nam,Apple,iPhone 17 Pro  - Chính hãng Apple Việt Nam,2024,https://cdn-icons-png.flaticon.com/512/0/191.png
apple_iphone_17_pro_max_apple_vi_t_nam,Apple,iPhone 17 Pro Max  - Chính hãng Apple Việt Nam,2024,https://cdn-icons-png.flaticon.com/512/0/191.png
apple_iphone_17e_apple_vi_t_nam,Apple,iPhone 17e  - Chính hãng Apple Việt Nam,2024,https://cdn-icons-png.flaticon.com/512/0/191.png
apple_iphone_16_pro_13315,Apple,Apple iPhone 16 Pro,2024,https://fdn2.gsmarena.com/vv/bigpic/apple-iphone-16-pro.jpg
apple_iphone_16_plus_13316,Apple,Apple iPhone 16 Plus,2024,https://fdn2.gsmarena.com/vv/bigpic/apple-iphone-16-plus.jpg
samsung_galaxy_s26_series,Samsung,Galaxy S26 Series,2023,https://cdn-icons-png.flaticon.com/512/0/191.png
xiaomi_poco_m7_pro_5g_13570,Xiaomi,Xiaomi Poco M7 Pro 5G,2024,https://fdn2.gsmarena.com/vv/bigpic/xiaomi-poco-m7-pro-5g-.jpg
xiaomi_redmi_15c_5g_14039,Xiaomi,Xiaomi Redmi 15C,2025,https://fdn2.gsmarena.com/vv/bigpic/xiaomi-redmi-15c.jpg
xiaomi_15_13472,Xiaomi,Xiaomi 15,2024,https://fdn2.gsmarena.com/vv/bigpic/xiaomi-15.jpg
xiaomi_redmi_a7_14623,Xiaomi,Xiaomi Redmi A7,2026,https://fdn2.gsmarena.com/vv/bigpic/xiaomi-redmi-a7-4g.jpg
xiaomi_redmi_17c_5g_14866,Xiaomi,Xiaomi Redmi 17C,2026,https://fdn2.gsmarena.com/vv/bigpic/xiaomi-redmi-17c.jpg
xiaomi_poco_m7_14071,Xiaomi,Xiaomi Poco M7 4G,2025,https://fdn2.gsmarena.com/vv/bigpic/xiaomi-poco-m7-4g.jpg
xiaomi_redmi_note_14_4g__global__13616,Xiaomi,Xiaomi Redmi Note 14 4G,2025,https://fdn2.gsmarena.com/vv/bigpic/xiaomi-redmi-note-14-4g-gl.jpg
xiaomi_redmi_17_5g_14869,Xiaomi,Xiaomi Redmi 17,2026,https://fdn2.gsmarena.com/vv/bigpic/xiaomi-redmi17.jpg
oppo_a6_pro_5g__india__14399,OPPO,Oppo A6 Pro (India),2026,https://fdn2.gsmarena.com/vv/bigpic/oppo-a6-pro-in.jpg
oppo_a5_4g_13871,OPPO,Oppo A5 4G,2025,https://fdn2.gsmarena.com/vv/bigpic/oppo-a5-4g.jpg
oppo_reno14_f_5g_13977,OPPO,Oppo Reno14 F,2025,https://fdn2.gsmarena.com/vv/bigpic/oppo-reno-14f-5g.jpg
oppo_a79_12636,OPPO,Oppo A79,2023,https://fdn2.gsmarena.com/vv/bigpic/oppo-a79-5g.jpg
oppo_a58_4g_12436,OPPO,Oppo A58 4G,2023,https://fdn2.gsmarena.com/vv/bigpic/oppo-a58-4g.jpg
oppo_a3_4g_13275,OPPO,Oppo A3 4G,2024,https://fdn2.gsmarena.com/vv/bigpic/oppo-a3-4g-int.jpg
honor_400_lite_13742,HONOR,Honor 400 Lite,2025,https://fdn2.gsmarena.com/vv/bigpic/honor-400-lite-5g.jpg
honor_x6b_5g_14195,HONOR,Honor X6b,2025,https://fdn2.gsmarena.com/vv/bigpic/honor-x6b-5g.jpg
tecno_pova_7_13974,TECNO,Tecno Pova 7 4G,2025,https://fdn2.gsmarena.com/vv/bigpic/tecno-pova7.jpg
tecno_spark_go_2_13975,TECNO,Tecno Spark Go 2,2025,https://fdn2.gsmarena.com/vv/bigpic/tecno-spark-go2.jpg
tecno_spark_40_5g_14568,TECNO,Tecno Spark 40,2025,https://fdn2.gsmarena.com/vv/bigpic/tecno-spark-40-5g.jpg
tecno_spark_30_5g_13384,TECNO,Tecno Spark 30 5G,2024,https://fdn2.gsmarena.com/vv/bigpic/tecno-spark-30-5g.jpg
tecno_pova_6_12910,TECNO,Tecno Pova 6,2024,https://fdn2.gsmarena.com/vv/bigpic/tecno-pova-6.jpg
tecno_camon_30s_13426,TECNO,Tecno Camon 30S,2024,https://fdn2.gsmarena.com/vv/bigpic/tecno-camon-30s.jpg
nubia_gaming_redmagic_11_pro,Nubia,Điện thoại Gaming REDMAGIC 11 PRO /,2023,https://cdn-icons-png.flaticon.com/512/0/191.png
nubia_gaming_redmagic_11_air,Nubia,Điện thoại Gaming REDMAGIC 11 Air /,2023,https://cdn-icons-png.flaticon.com/512/0/191.png
nubia_gaming_redmagic_11s_pro,Nubia,Điện thoại Gaming REDMAGIC 11S PRO /,2024,https://cdn-icons-png.flaticon.com/512/0/191.png
nubia_redmagic_10s_pro,Nubia,REDMAGIC 10S PRO /,2023,https://cdn-icons-png.flaticon.com/512/0/191.png
nubia_gaming_redmagic_10s_pro,Nubia,Điện thoại Gaming REDMAGIC 10S PRO /,2024,https://cdn-icons-png.flaticon.com/512/0/191.png
nubia_redmagic_10_pro_b_n_qu_c_t,Nubia,REDMAGIC 10 Pro / Bản Quốc Tế Chính Hãng,2023,https://cdn-icons-png.flaticon.com/512/0/191.png
viettel_hera_s9_2_8_inch,Viettel,Hera S9 - 2.8 inch - Chính hãng,2023,https://cdn-icons-png.flaticon.com/512/0/191.png
htc_wildfire_e5_plus_13719,htc,HTC Wildfire E5 Plus,2025,https://fdn2.gsmarena.com/vv/bigpic/htc-wildfire-e5-plus.jpg
inoi_inoi_a72,INOI,INOI A72 (/),2023,https://cdn-icons-png.flaticon.com/512/0/191.png
inoi_inoi_a83,INOI,INOI A83 (/),2023,https://cdn-icons-png.flaticon.com/512/0/191.png
inoi_inoi_note_13s,INOI,INOI Note 13s (/),2023,https://cdn-icons-png.flaticon.com/512/0/191.png
inoi_inoi_288s,INOI,INOI 288S,2023,https://cdn-icons-png.flaticon.com/512/0/191.png
inoi_inoi_a54,INOI,INOI A54 /,2023,https://cdn-icons-png.flaticon.com/512/0/191.png
benco_benco_v91,Benco,Benco V91 - /,2023,https://cdn-icons-png.flaticon.com/512/0/191.png
nubia_nubia_v70_design,Nubia,NUBIA V70 DESIGN,2023,https://cdn-icons-png.flaticon.com/512/0/191.png
nubia_nubia_neo_2,Nubia,Nubia Neo 2 +/,2023,https://cdn-icons-png.flaticon.com/512/0/191.png
nubia_nubia_v60_design,Nubia,Nubia V60 Design (6+/),2023,https://cdn-icons-png.flaticon.com/512/0/191.png
masstel_masstel_fami_12s,Masstel,Masstel Fami 12S 4G,2023,https://cdn-icons-png.flaticon.com/512/0/191.png
tcl_503_13439,TCL,TCL 503,2024,https://fdn2.gsmarena.com/vv/bigpic/tcl-503.jpg
tcl_505_12823,TCL,TCL 505,2024,https://fdn2.gsmarena.com/vv/bigpic/tcl-505.jpg
mobell_mobell_m539,Mobell,Mobell M539 4G,2023,https://cdn-icons-png.flaticon.com/512/0/191.png
mobell_mobell_f209,Mobell,Mobell F209 4G,2023,https://cdn-icons-png.flaticon.com/512/0/191.png
mobell_mobell_f309,Mobell,Mobell F309 4G,2023,https://cdn-icons-png.flaticon.com/512/0/191.png
nubia_zte_blade_a72,Nubia,ZTE Blade A72 (/),2023,https://cdn-icons-png.flaticon.com/512/0/191.png
nubia_zte_blade_a55,Nubia,ZTE Blade A55 (/),2023,https://cdn-icons-png.flaticon.com/512/0/191.png
viettel_viettel_t2,Viettel,Điện thoại Viettel T2 - 4G (DÙNG MỌI LOẠI SIM),2023,https://cdn-icons-png.flaticon.com/512/0/191.png
samsung_galaxy_z_flip7_fe_5g_13844,Samsung,Samsung Galaxy Z Flip7 FE,2025,https://fdn2.gsmarena.com/vv/bigpic/samsung-galaxy-z-flip7-fe-.jpg
samsung_galaxy_s25_edge_13506,Samsung,Samsung Galaxy S25 Edge,2025,https://fdn2.gsmarena.com/vv/bigpic/samsung-galaxy-s25-edge.jpg
oppo_reno16_5g_14747,OPPO,Oppo Reno16,2026,https://fdn2.gsmarena.com/vv/bigpic/oppo-reno16.jpg
oppo_a6x_5g__global__14414,OPPO,Oppo A6x,2026,https://fdn2.gsmarena.com/vv/bigpic/oppo-a6x-int.jpg
oppo_reno16_pro_5g__china__14675,OPPO,Oppo Reno16 Pro (China),2026,https://fdn2.gsmarena.com/vv/bigpic/oppo-reno16-pro-cn.jpg
oppo_reno15_pro_5g__india__14406,OPPO,Oppo Reno15 Pro (India),2026,https://fdn2.gsmarena.com/vv/bigpic/oppo-reno15-pro.jpg
oppo_reno13_13515,OPPO,Oppo Reno13,2024,https://fdn2.gsmarena.com/vv/bigpic/oppo-reno13-cn.jpg
oppo_find_n3_flip_12531,OPPO,Oppo Find N3 Flip,2023,https://fdn2.gsmarena.com/vv/bigpic/oppo-find-n3-flip.jpg
oppo_a5_pro_4g_13738,OPPO,Oppo A5 Pro 4G,2025,https://fdn2.gsmarena.com/vv/bigpic/oppo-a5-yough.jpg
xiaomi_poco_c71_4g_13767,Xiaomi,Xiaomi Poco C71,2025,https://fdn2.gsmarena.com/vv/bigpic/xiaomi-poco-c71.jpg
vivo_x300_ultra_5g_14388,vivo,vivo X300 Ultra,2026,https://fdn2.gsmarena.com/vv/bigpic/vivo-x300-ultra.jpg
vivo_v70_fe_5g_14504,vivo,vivo V70 FE,2026,https://fdn2.gsmarena.com/vv/bigpic/vivo-v70-fe.jpg
vivo_v60_lite_14172,vivo,vivo V60 Lite 4G,2025,https://fdn2.gsmarena.com/vv/bigpic/vivo-v60-lite-4g.jpg
vivo_x300_pro_5g_14225,vivo,vivo X300 Pro,2025,https://fdn2.gsmarena.com/vv/bigpic/vivo-x300-pro.jpg
vivo_y39_5g_13763,vivo,vivo Y39,2025,https://fdn2.gsmarena.com/vv/bigpic/vivo-y39-5g.jpg
vivo_v60_5g_14021,vivo,vivo V60,2025,https://fdn2.gsmarena.com/vv/bigpic/vivo-v60.jpg
vivo_v50_lite_13745,vivo,vivo V50 Lite,2025,https://fdn2.gsmarena.com/vv/bigpic/vivo-v50-lite-5g.jpg
vivo_y31d_14450,vivo,vivo Y31d,2026,https://fdn2.gsmarena.com/vv/bigpic/vivo-y31d.jpg
vivo_y05_14510,vivo,vivo Y05,2026,https://fdn2.gsmarena.com/vv/bigpic/vivo-y05.jpg
vivo_y11_5g_14564,vivo,vivo Y11,2026,https://fdn2.gsmarena.com/vv/bigpic/vivo-y05.jpg
vivo_v70_5g_14505,vivo,vivo V70,2026,https://fdn2.gsmarena.com/vv/bigpic/vivo-v70.jpg
vivo_y21d_14508,vivo,vivo Y21d,2025,https://fdn2.gsmarena.com/vv/bigpic/vivo-y21d.jpg
realme_16t_5g_14674,realme,Realme 16T,2026,https://fdn2.gsmarena.com/vv/bigpic/realme-16t.jpg
realme_c100x_14628,realme,Realme C100x,2026,https://fdn2.gsmarena.com/vv/bigpic/realme-c100x-4g.jpg
realme_c100_5g_14585,realme,Realme C100,2026,https://fdn2.gsmarena.com/vv/bigpic/realme-c100-5g.jpg
realme_16_5g_14419,realme,Realme 16,2025,https://fdn2.gsmarena.com/vv/bigpic/realme-16-.jpg
realme_c85_14435,realme,Realme C85 4G,2026,https://fdn2.gsmarena.com/vv/bigpic/realme-c85-4g.jpg
realme_c85_pro_14275,realme,Realme C85 Pro,2025,https://fdn2.gsmarena.com/vv/bigpic/realme-c85-pro.jpg
realme_c100i__india__14900,realme,Realme C100i (India),2026,https://fdn2.gsmarena.com/vv/bigpic/realme-c100i-in.jpg
realme_p4_power_5g_14451,realme,Realme P4 Power,2026,https://fdn2.gsmarena.com/vv/bigpic/realme-p4-power.jpg
realme_15_pro_5g_14017,realme,Realme 15 Pro,2025,https://fdn2.gsmarena.com/vv/bigpic/realme-15-pro.jpg
realme_15t_5g_14105,realme,Realme 15T,2025,https://fdn2.gsmarena.com/vv/bigpic/realme-15t-5g.jpg
realme_note_80_14537,realme,Realme Note 80,2026,https://fdn2.gsmarena.com/vv/bigpic/realme-note80.jpg
realme_16_pro__5g_14363,realme,Realme 16 Pro+,2026,https://fdn2.gsmarena.com/vv/bigpic/realme-16-pro-plus.jpg
realme_15_5g__global__14318,realme,Realme 15,2025,https://fdn2.gsmarena.com/vv/bigpic/realme-15-int.jpg
realme_14_13729,realme,Realme 14,2025,https://fdn2.gsmarena.com/vv/bigpic/realme-14-5g.jpg
honor_600_lite_5g_14522,HONOR,Honor 600 Lite,2026,https://fdn2.gsmarena.com/vv/bigpic/honor-600-lite.jpg
honor_600_pro_5g__china__14680,HONOR,Honor 600 Pro (China),2026,https://fdn2.gsmarena.com/vv/bigpic/honor-600-pro-cn.jpg
honor_x5c_14251,HONOR,Honor X5c,2025,https://fdn2.gsmarena.com/vv/bigpic/honor-x5c-plus-r.jpg
tecno_spark_50_pro_14728,TECNO,Tecno Spark 50 Pro,2026,https://fdn2.gsmarena.com/vv/bigpic/tecno-spark-50-pro.jpg
nubia_nubia_a56,Nubia,Nubia A56 /,2023,https://cdn-icons-png.flaticon.com/512/0/191.png
nubia_nubia_a36,Nubia,Nubia A36 /,2023,https://cdn-icons-png.flaticon.com/512/0/191.png
masstel_masstel_izi_t6_t127,Masstel,Masstel IZI T6 T127,2023,https://cdn-icons-png.flaticon.com/512/0/191.png
masstel_masstel_fami_50,Masstel,Masstel Fami 50 4G,2023,https://cdn-icons-png.flaticon.com/512/0/191.png
masstel_masstel_izi_10_type_c,Masstel,Masstel IZI 10 4G Type-C,2023,https://cdn-icons-png.flaticon.com/512/0/191.png
masstel_masstel_izi_10s,Masstel,Masstel IZI 10S,2023,https://cdn-icons-png.flaticon.com/512/0/191.png
masstel_masstel_izi_t6,Masstel,Masstel IZI T6 4G,2023,https://cdn-icons-png.flaticon.com/512/0/191.png
masstel_masstel_fami_60s,Masstel,Masstel Fami 60S 4G,2023,https://cdn-icons-png.flaticon.com/512/0/191.png
masstel_masstel_izi_10,Masstel,Masstel IZI 10 4G,2023,https://cdn-icons-png.flaticon.com/512/0/191.png
mobell_mobell_m239,Mobell,Mobell M239 4G,2023,https://cdn-icons-png.flaticon.com/512/0/191.png
mobell_mobell_rock_7,Mobell,Mobell Rock 7,2023,https://cdn-icons-png.flaticon.com/512/0/191.png
mobell_mobell_m331,Mobell,Mobell M331 4G,2023,https://cdn-icons-png.flaticon.com/512/0/191.png
motorola_razr_fold_5g_14402,Motorola,Motorola Razr Fold,2026,https://fdn2.gsmarena.com/vv/bigpic/motorola-razr-fold-.jpg
motorola_edge_70_fusion__5g_14540,Motorola,Motorola Edge 70 Fusion+,2026,https://fdn2.gsmarena.com/vv/bigpic/motorola-edge-70-fusion-plus.jpg
motorola_motorola_g57_power,Motorola,Motorola G57 Power 5G /,2023,https://cdn-icons-png.flaticon.com/512/0/191.png
motorola_edge_70_5g_14216,Motorola,Motorola Edge 70,2025,https://fdn2.gsmarena.com/vv/bigpic/motorola-edge-70-5g.jpg
motorola_motorola_g06_power,Motorola,Motorola G06 POWER /,2023,https://cdn-icons-png.flaticon.com/512/0/191.png
motorola_motorola_g35,Motorola,Motorola G35 5G /,2023,https://cdn-icons-png.flaticon.com/512/0/191.png
motorola_motorola_g86_power,Motorola,Motorola G86 POWER 5G /,2023,https://cdn-icons-png.flaticon.com/512/0/191.png
motorola_edge_60_fusion_13752,Motorola,Motorola Edge 60 Fusion,2025,https://fdn2.gsmarena.com/vv/bigpic/motorola-edge-60-fusion.jpg
motorola_razr_60_13749,Motorola,Motorola Razr 60,2025,https://fdn2.gsmarena.com/vv/bigpic/motorola-razr-60.jpg
motorola_moto_g37_14646,Motorola,Motorola Moto G37,2026,https://fdn2.gsmarena.com/vv/bigpic/motorola-moto-g37.jpg
motorola_signature_5g_14397,Motorola,Motorola Signature,2026,https://fdn2.gsmarena.com/vv/bigpic/motorola-signature.jpg
viettel_xphone_hera_s9,Viettel,Xphone Hera S9,2023,https://cdn-icons-png.flaticon.com/512/0/191.png
apple_8_iphone_16e,Apple,-8%điPhone 16e,2024,https://cdn-icons-png.flaticon.com/512/0/191.png
apple_18_iphone_16e_sim_viettel,Apple,-18%điPhone 16e  SIM Viettel,2023,https://cdn-icons-png.flaticon.com/512/0/191.png
samsung_galaxy_z_flip7_13712,Samsung,Samsung Galaxy Z Flip7,2025,https://fdn2.gsmarena.com/vv/bigpic/samsung-galaxy-z-flip7.jpg
samsung_galaxy_a36_13497,Samsung,Samsung Galaxy A36,2025,https://fdn2.gsmarena.com/vv/bigpic/samsung-galaxy-a36.jpg
samsung_galaxy_a26_13679,Samsung,Samsung Galaxy A26,2025,https://fdn2.gsmarena.com/vv/bigpic/samsung-galaxy-a26.jpg
samsung_galaxy_a06_5g_13662,Samsung,Samsung Galaxy A06 5G,2025,https://fdn2.gsmarena.com/vv/bigpic/samsung-galaxy-a06-5g.jpg
samsung_galaxy_s24_fe_13262,Samsung,Samsung Galaxy S24 FE,2024,https://fdn2.gsmarena.com/vv/bigpic/samsung-galaxy-s24-fe-r1.jpg
xiaomi_poco_x7_13604,Xiaomi,Xiaomi Poco X7,2025,https://fdn2.gsmarena.com/vv/bigpic/xiaomi-poco-x7.jpg
xiaomi_15t_pro_5g_14178,Xiaomi,Xiaomi 15T Pro,2025,https://fdn2.gsmarena.com/vv/bigpic/xiaomi-15t-pro.jpg
xiaomi_poco_c81_pro_14635,Xiaomi,Xiaomi Poco C81 Pro,2026,https://fdn2.gsmarena.com/vv/bigpic/xiaomi-poco-c81-pro.jpg
xiaomi_15t_5g_14177,Xiaomi,Xiaomi 15T,2025,https://fdn2.gsmarena.com/vv/bigpic/xiaomi-15t.jpg
xiaomi_redmi_13x_4g_13764,Xiaomi,Xiaomi Redmi 13x,2025,https://fdn2.gsmarena.com/vv/bigpic/xiaomi-redmi-13x-4g.jpg
oppo_reno13_f_13607,OPPO,Oppo Reno13 F,2025,https://fdn2.gsmarena.com/vv/bigpic/oppo-reno-13f-5g.jpg
masstel_masstel_fami_25_128mb,Masstel,Masstel Fami 25 4G 128MB,2023,https://cdn-icons-png.flaticon.com/512/0/191.png
tcl_60r_5g_13772,TCL,TCL 60R,2025,https://fdn2.gsmarena.com/vv/bigpic/tcl-60r-5g.jpg
benco_benco_s1_pro,Benco,Benco S1 Pro,2023,https://cdn-icons-png.flaticon.com/512/0/191.png
benco_benco_v90_plus,Benco,Benco V90 Plus,2023,https://cdn-icons-png.flaticon.com/512/0/191.png
benco_benco_v91_plus,Benco,đBenco V91 Plus,2023,https://cdn-icons-png.flaticon.com/512/0/191.png
nubia_17_nubia_neo_5,Nubia,-17%đNubia Neo 5 5G,2023,https://cdn-icons-png.flaticon.com/512/0/191.png
nubia_9_nubia_a76,Nubia,-9%đNubia A76   (NFC),2023,https://cdn-icons-png.flaticon.com/512/0/191.png
viettel_viettel_sumo_t2,Viettel,Viettel Sumo T2 4G,2023,https://cdn-icons-png.flaticon.com/512/0/191.png
xiaomi_14_12626,Xiaomi,Xiaomi 14,2023,https://fdn2.gsmarena.com/vv/bigpic/xiaomi-14-new.jpg
xiaomi_mi_note_10_lite_10183,Xiaomi,Xiaomi Mi Note 10 Lite,2020,https://fdn2.gsmarena.com/vv/bigpic/xiaomi-mi-note-10-lite-.jpg
apple_galaxy_z_fold8,Apple,Galaxy Z Fold8,2023,https://cdn-icons-png.flaticon.com/512/0/191.png
apple_galaxy_z_fold8_ultra,Apple,Galaxy Z Fold8 Ultra,2023,https://cdn-icons-png.flaticon.com/512/0/191.png
apple_galaxy_z_flip8,Apple,Galaxy Z Flip8,2023,https://cdn-icons-png.flaticon.com/512/0/191.png
oppo_iphone_18_pro_pre_order,OPPO,iPhone 18 Pro Pre-Order,2023,https://cdn-icons-png.flaticon.com/512/0/191.png
oppo_reno16c_5g_14768,OPPO,Oppo Reno16c,2026,https://fdn2.gsmarena.com/vv/bigpic/oppo-reno16-f.jpg
oppo_vivo_y39,OPPO,VIVO Y39 5G,2023,https://cdn-icons-png.flaticon.com/512/0/191.png
oppo_tecno_spark_50,OPPO,Tecno spark 50,2023,https://cdn-icons-png.flaticon.com/512/0/191.png
oppo_honor_x8d,OPPO,Honor X8d,2023,https://cdn-icons-png.flaticon.com/512/0/191.png
