device_id,chipset,cpu,gpu,screen_size_inch,refresh_rate_hz,display_type,resolution_width,resolution_height,main_camera_mp,main_camera_aperture,has_ois,optical_zoom_x,battery_mah,charging_w,weight_g,thickness_mm,has_5g
apple_iphone_17_pro_max_13964,Apple A19 Pro (3 nm),Hexa-core (2x4.26 GHz + 4x2.60 GHz),Apple GPU (6-core graphics),6.9,120,"LTPO Super Retina XDR OLED, 120Hz, HDR10, Dolby Vision, 1000 nits (typ), 1600 nits (HBM), 3000 nits (peak)",1320,2868,48,1.8,1,4.0,4823,25,233.0,8.8,1
apple_iphone_17e_14487,Apple A19 (3 nm),Hexa-core (2x4.26 GHz + 4x2.60 GHz),Apple GPU (4-core graphics),6.1,60,"Super Retina XDR OLED, HDR10, 800 nits (HBM), 1200 nits (peak)",1170,2532,48,1.6,1,0.0,4005,15,169.0,7.8,1
apple_iphone_18_pro_max,Apple A-Series,Octa-core,Adreno / Mali GPU,6.67,120,AMOLED,1080,2400,50,1.8,1,3.0,5000,67,188.0,7.9,1
apple_iphone_17_air_13502,Apple A19 Pro (3 nm),Hexa-core (2x4.26 GHz + 4x2.60 GHz),Apple GPU (5-core graphics),6.5,120,"LTPO Super Retina XDR OLED, 120Hz, HDR10, Dolby Vision, 1000 nits (typ), 1600 nits (HBM), 3000 nits (peak)",1260,2736,48,1.6,1,3.0,3149,15,165.0,5.6,1
apple_iphone_16_pro_max_13123,Apple A18 Pro (3 nm),Hexa-core (2x4.05 GHz + 4x2.42 GHz),Apple GPU (6-core graphics),6.9,120,"LTPO Super Retina XDR OLED, 120Hz, HDR10, Dolby Vision, 1000 nits (typ), 2000 nits (HBM)",1320,2868,48,1.8,1,5.0,4685,25,227.0,8.3,1
apple_iphone_15_pro_max_12548,Apple A17 Pro (3 nm),Hexa-core (2x3.78 GHz + 4x2.11 GHz),Apple GPU (6-core graphics),6.7,120,"LTPO Super Retina XDR OLED, 120Hz, HDR10, Dolby Vision, 1000 nits (typ), 2000 nits (HBM)",1290,2796,48,1.8,1,5.0,4441,15,221.0,8.3,1
apple_iphone_13_pro_max_11089,Apple A15 Bionic (5 nm),Hexa-core (2x3.23 GHz Avalanche + 4x1.82 GHz Blizzard),Apple GPU (5-core graphics),6.7,120,"Super Retina XDR OLED, 120Hz, HDR10, Dolby Vision, 1000 nits (HBM), 1200 nits (peak)",1284,2778,12,1.5,1,3.0,4352,15,240.0,7.7,1
apple_iphone_18_pro,Apple A-Series,Octa-core,Adreno / Mali GPU,6.67,120,AMOLED,1080,2400,50,1.8,1,3.0,5000,67,188.0,7.9,1
apple_iphone_16e_13395,Apple A18 (3 nm),Hexa-core (2x4.04 GHz + 4x2.20 GHz),Apple GPU (4-core graphics),6.1,60,"Super Retina XDR OLED, HDR10, 800 nits (HBM), 1200 nits (peak)",1170,2532,48,1.6,1,0.0,4005,5,167.0,7.8,1
apple_iphone_14_pro_11860,Apple A16 Bionic (4 nm),Hexa-core (2x3.46 GHz Everest + 4x2.02 GHz Sawtooth),Apple GPU (5-core graphics),6.1,120,"LTPO Super Retina XDR OLED, 120Hz, HDR10, Dolby Vision, 1000 nits (typ), 2000 nits (HBM)",1179,2556,48,1.8,1,3.0,3200,15,206.0,7.9,1
samsung_galaxy_s26_ultra_5g_14320,Qualcomm SM8850-1-AD Snapdragon 8 Elite Gen 5 (3 nm),Octa-core (2x4.74 GHz Oryon V3 Phoenix L + 6x3.62 GHz Oryon V3 Phoenix M),Adreno 840 (1.3GHz),6.9,120,"Dynamic LTPO AMOLED 2X, 120Hz, HDR10+, 2600 nits (peak)",1440,3120,200,1.4,1,3.0,5000,60,214.0,7.9,1
samsung_galaxy_s25_ultra_13322,Qualcomm SM8750-AC Snapdragon 8 Elite (3 nm),Octa-core (2x4.47 GHz Oryon V2 Phoenix L + 6x3.53 GHz Oryon V2 Phoenix M),Adreno 830 (1200 MHz),6.9,120,"Dynamic LTPO AMOLED 2X, 120Hz, HDR10+, 2600 nits (peak)",1440,3120,200,1.7,1,3.0,5000,45,218.0,8.2,1
samsung_galaxy_a57_5g_14379,Exynos 1680 (4 nm),Octa-core (1x2.9 GHz Cortex-720 & 4x2.6 GHz Cortex-720 & 3x1.95 GHz Cortex-520),Xclipse 550,6.7,120,"Super AMOLED+, 120Hz, HDR10+, 1200 nits (HBM), 1900 nits (peak)",1080,2340,50,1.8,1,0.0,5000,45,179.0,6.9,1
samsung_galaxy_s25_13610,Qualcomm SM8750-AC Snapdragon 8 Elite (3 nm),Octa-core (2x4.47 GHz Oryon V2 Phoenix L + 6x3.53 GHz Oryon V2 Phoenix M),Adreno 830 (1200 MHz),6.2,120,"Dynamic LTPO AMOLED 2X, 120Hz, HDR10+, 2600 nits (peak)",1080,2340,50,1.8,1,3.0,4000,25,162.0,7.2,1
samsung_galaxy_z_fold8_ultra_5g_14802,Qualcomm SM8850-1-AD Snapdragon 8 Elite Gen 5 (3 nm),Octa-core (2x4.74 GHz Oryon V3 Phoenix L + 6x3.62 GHz Oryon V3 Phoenix M),Adreno 840 (1.3GHz),8.0,120,"Foldable Dynamic LTPO AMOLED 2X, 120Hz, HDR10+, 3000 nits (peak)",2256,2504,200,1.7,1,3.0,5000,45,215.0,4.1,1
samsung_galaxy_z_fold_wide_5g_14673,Qualcomm SM8850-1-AD Snapdragon 8 Elite Gen 5 (3 nm),Octa-core (2x4.74 GHz Oryon V3 Phoenix L + 6x3.62 GHz Oryon V3 Phoenix M),Adreno 840 (1.3GHz),7.6,120,"Foldable Dynamic LTPO AMOLED 2X, 120Hz, HDR10+, 3000 nits (peak)",1848,2448,50,1.8,1,3.0,4800,45,201.0,4.5,1
samsung_galaxy_z_flip8_5g_14803,Qualcomm SM8850-1-AD Snapdragon 8 Elite Gen 5 (3 nm) - US/CA/CNExynos 2600 (2 nm) - ROW,Octa-core (2x4.74 GHz Oryon V3 Phoenix L + 6x3.62 GHz Oryon V3 Phoenix M) - US/CA/CN10-core (1x3.80GHz C1-Ultra & 3x3.25GHz C1-Pro & 6x2.75GHz C1-Pro) - ROW,Adreno 840 (1.3GHz) - US/CA/CNXclipse 960 - ROW,6.9,120,"Foldable Dynamic LTPO AMOLED 2X, 120Hz, HDR10+, 3000 nits (peak)",1080,2520,50,1.8,1,3.0,4300,25,180.0,6.1,1
samsung_galaxy_s26_5g_14456,Qualcomm SM8850-1-AD Snapdragon 8 Elite Gen 5 (3 nm) - US/CA/CNExynos 2600 (2 nm) - ROW,Octa-core (2x4.74 GHz Oryon V3 Phoenix L + 6x3.62 GHz Oryon V3 Phoenix M) - US/CA/CN10-core (1x3.80GHz C1-Ultra & 3x3.25GHz C1-Pro & 6x2.75GHz C1-Pro) - ROW,Adreno 840 (1.3GHz) - US/CA/CNXclipse 960 - ROW,6.3,120,"Dynamic LTPO AMOLED 2X, 120Hz, HDR10+, 2600 nits (peak)",1080,2340,50,1.8,1,3.0,4300,25,167.0,7.2,1
samsung_galaxy_s26_fe_5g_14870,Exynos 2500 (3 nm),10-core (1x3.3GHz Cortex-X925 & 2x2.74GHz Cortex-A725 & 5x2.36GHz Cortex-A725 & 2x1.8GHz Cortex-A520),Xclipse 950,6.7,120,"Dynamic AMOLED 2X, 120Hz, HDR10+, 1900 nits (HBM)",1080,2340,50,1.8,1,3.0,4900,45,193.0,7.4,1
samsung_galaxy_a07_5g_14409,Mediatek Dimensity 6300 (6 nm),Octa-core (2x2.4 GHz Cortex-A76 & 6x2.0 GHz Cortex-A55),Mali-G57 MC2,6.7,120,"PLS LCD, 120Hz, 650 nits (typ), 800 nits (HBM)",720,1600,50,1.8,0,0.0,6000,25,199.0,8.2,1
samsung_galaxy_a17_14157,Mediatek Helio G99 (6 nm),Octa-core (2x2.2 GHz Cortex-A76 & 6x2.0 GHz Cortex-A55),Mali-G57 MC2,6.7,90,"Super AMOLED, 90Hz",1080,2340,50,1.8,1,0.0,5000,25,190.0,7.5,1
samsung_galaxy_a37_5g_14378,Exynos 1480 (4 nm),Octa-core (4x2.75 GHz Cortex-A78 & 4x2.0 GHz Cortex-A55),Xclipse 530,6.7,120,"Super AMOLED, 120Hz, 1200 nits (HBM), 1900 nits (peak)",1080,2340,50,1.8,1,0.0,5000,45,196.0,7.4,1
samsung_galaxy_s25_fe_5g_14042,Exynos 2400 (4 nm),10-core (1x3.2GHz Cortex-X4 & 2x2.9GHz Cortex-A720 & 3x2.6GHz Cortex-A720 & 4x1.95GHz Cortex-A520),Xclipse 940,6.7,120,"Dynamic AMOLED 2X, 120Hz, HDR10+, 1900 nits (peak)",1080,2340,50,1.8,1,3.0,4900,45,190.0,7.4,1
samsung_galaxy_z_fold7_13826,Qualcomm SM8750-AC Snapdragon 8 Elite (3 nm),Octa-core (2x4.47 GHz Oryon V2 Phoenix L + 6x3.53 GHz Oryon V2 Phoenix M),Adreno 830 (1200 MHz),8.0,120,"Foldable Dynamic LTPO AMOLED 2X, 120Hz, HDR10+, 2600 nits (peak)",1968,2184,200,1.7,1,3.0,4400,25,215.0,4.2,1
samsung_galaxy_a56_13603,Exynos 1580 (4 nm),Octa-core (1x2.9 GHz Cortex-A720 & 3x2.6 GHz Cortex-A720 & 4x1.9 GHz Cortex-A520),Xclipse 540,6.7,120,"Super AMOLED, 120Hz, HDR10+, 1200 nits (HBM), 1900 nits (peak)",1080,2340,50,1.8,1,0.0,5000,45,198.0,7.4,1
samsung_galaxy_a27_5g_14606,Qualcomm SM6475-AB Snapdragon 6 Gen 3 (4 nm),Octa-core (4x2.4 GHz Cortex-A78 & 4x1.8 GHz Cortex-A55),Adreno 710,6.7,120,"Super AMOLED, 120Hz",1080,2340,50,1.8,1,0.0,5000,25,200.0,7.8,1
xiaomi_poco_x8_pro_max_5g_14507,Mediatek Dimensity 9500s (3 nm),Octa-core (1x3.73 GHz Cortex-X925 & 3x3.3 GHz Cortex-X4 & 4x2.4 GHz Cortex-A720),Immortalis-G925 MC11,6.83,120,"AMOLED, 68B colors, 120Hz, 3840Hz PWM, Dolby Vision, HDR10+, 2000 nits (HBM), 3500 nits (peak)",1280,2772,50,1.5,1,0.0,8500,100,218.0,8.2,1
xiaomi_redmi_note_14_pro_4g__global__13614,Mediatek Helio G100 Ultra (6 nm),Octa-core (2x2.2 GHz Cortex-A76 & 6x2.0 GHz Cortex-A55),Mali-G57 MC2,6.67,120,"AMOLED, 1B colors, 120Hz, 1920Hz PWM, 1200 nits (HBM), 1800 nits (peak)",1080,2400,200,1.7,1,0.0,5500,45,180.0,8.2,1
xiaomi_poco_f8_pro_5g_14303,Qualcomm SM8750-AB Snapdragon 8 Elite (3 nm),Octa-core (2x4.32 GHz Oryon V2 Phoenix L + 6x3.53 GHz Oryon V2 Phoenix M),Adreno 830,6.59,120,"AMOLED, 68B colors, 2560Hz PWM, 120Hz, Dolby Vision, HDR10+, 2000 nits (HBM), 3500 nits (peak)",1156,2510,50,1.9,1,2.5,6210,100,199.0,8.0,1
xiaomi_redmi_a7_pro_14463,Unisoc T7250 (12 nm),Octa-core (2x1.8 GHz Cortex-A75 & 6x1.6 GHz Cortex-A55),Mali-G57 MP1,6.9,120,"IPS LCD, 120Hz, 800 nits (HBM)",720,1600,13,2.2,0,0.0,6000,15,208.0,8.2,0
xiaomi_poco_f9_ultra_5g_14876,Qualcomm SM8850-AC Snapdragon 8 Elite Gen 5 (3 nm),Octa-core (2x4.6 GHz Oryon V3 Phoenix L + 6x3.62 GHz Oryon V3 Phoenix M),Adreno 840,6.9,60,"AMOLED, 68B colors, 185Hz, Dolby Vision, HDR10+, 850 nits (typ), 2200 nits (HBM), 4500 nits (peak)",1200,2608,200,1.7,1,5.0,8050,100,235.0,8.7,1
xiaomi_redmi_note_17_5g_14846,Qualcomm SM4450-AF Snapdragon 4 Gen 4 (4 nm),Octa-core (2x2.3 GHz Cortex-A78 & 6x1.95 GHz Cortex-A55),Adreno 613,6.99,120,"AMOLED, 120Hz, 700 nits (typ), 1200 nits (HBM), 1800 nits (peak)",1080,2396,50,1.8,0,0.0,7700,45,225.0,8.5,1
xiaomi_redmi_note_15_5g__global__14328,Qualcomm SM6475-AB Snapdragon 6 Gen 3 (4 nm),Octa-core (4x2.4 GHz Cortex-A78 & 4x1.8 GHz Cortex-A55),Adreno 710,6.77,120,"AMOLED, 68B colors, 120Hz, 3840Hz PWM, HDR10+, 800 nits (typ), 3200 nits (peak)",1080,2392,108,1.7,1,0.0,5520,45,178.0,7.4,1
xiaomi_redmi_note_17_pro_5g_14844,Qualcomm SM6435-AA Snapdragon 6s Gen 4 (4 nm),Octa-core (4x2.4 GHz Cortex-A78 & 4x1.8 GHz Cortex-A55),Adreno 710,6.83,120,"AMOLED, 68B colors, 120Hz, 3840Hz PWM, 1060 nits (typ), 1800 nits (HBM), 3500 nits (peak)",1280,2772,50,1.8,1,0.0,8340,67,223.0,8.6,1
xiaomi_redmi_note_17_pro_max_5g_14845,Qualcomm SM6850 Snapdragon 6 Gen 5 (4 nm),Octa-core (4x2.6 GHz Cortex-A78 & 4x2.0 GHz Cortex-A55),Adreno 812,6.83,120,"AMOLED, 68B colors, 120Hz, 3840Hz PWM, HDR10+, Dolby Vision, 1060 nits (typ), 2000 nits (HBM), 3500 nits (peak)",1280,2772,50,1.5,1,0.0,9210,100,229.5,8.6,1
xiaomi_17t_5g_14652,Mediatek Dimensity 8500 Ultra (4 nm),Octa-core (1x3.4 GHz Cortex-A725 & 3x3.2 GHz Cortex-A725 & 4x2.2 GHz Cortex-A725),Mali-G720 MC8,6.59,120,"AMOLED, 68B colors, 120Hz, 3840Hz PWM, Dolby Vision, HDR10+, 3500 nits (peak)",1268,2756,50,1.7,1,5.0,6500,67,200.0,8.2,1
xiaomi_17t_pro_5g_14651,Mediatek Dimensity 9500 (3 nm),Octa-core (1x4.21 GHz C1-Ultra & 3x3.5 GHz C1-Premium & 4x2.7 GHz C1-Pro),Mali-G1 Ultra MC12,6.83,144,"AMOLED, 68B colors, 144Hz, 3840Hz PWM, Dolby Vision, HDR10+, 600 nits (typ), 2000 nits (HBM), 3500 nits (peak)",1280,2772,50,1.7,1,5.0,7000,100,219.0,8.3,1
xiaomi_redmi_15_5g_14036,Qualcomm SM6375 Snapdragon 6s Gen 3 (6 nm),Octa-core (2x2.3 GHz Cortex-A78 & 6x2.0 GHz Cortex-A55),Adreno 619,6.9,144,"IPS LCD, 144Hz, 600 nits (typ), 700 nits (HBM), 850 nits (peak)",1080,2340,50,1.8,0,0.0,7000,33,217.0,8.4,1
xiaomi_17_ultra_5g_14380,Qualcomm SM8850-AC Snapdragon 8 Elite Gen 5 (3 nm),Octa-core (2x4.6 GHz Oryon V3 Phoenix L + 6x3.62 GHz Oryon V3 Phoenix M),Adreno 840,6.9,120,"LTPO AMOLED, 68B colors, 120Hz, 2160Hz PWM, Dolby Vision, HDR10+, 3500 nits (peak)",1200,2608,50,1.7,1,3.0,6000,90,218.4,8.3,1
xiaomi_redmi_note_15_pro__5g__global__14326,Qualcomm SM7635-AC Snapdragon 7s Gen 4 (4 nm),Octa-core (1x2.7 GHz Cortex-A720 & 3x2.4 GHz Cortex-A720 & 4x1.8 GHz Cortex-A520),Adreno 810,6.83,120,"AMOLED, 68B colors, 120Hz, 3840Hz PWM, HDR10+, Dolby Vision, 3200 nits (peak)",1280,2772,200,1.7,1,0.0,6500,100,207.0,8.2,1
xiaomi_15_ultra_13657,Qualcomm SM8750-AB Snapdragon 8 Elite (3 nm),Octa-core (2x4.32 GHz Oryon V2 Phoenix L + 6x3.53 GHz Oryon V2 Phoenix M),Adreno 830,6.73,120,"LTPO AMOLED, 68B colors, 120Hz, 1920Hz PWM, Dolby Vision, HDR10+, HDR Vivid, 3200 nits (peak)",1440,3200,50,1.6,1,3.0,5410,90,226.0,9.4,1
oppo_reno16_f_5g_14751,Mediatek Dimensity 7300 Energy (4 nm),Octa-core (4x2.5 GHz Cortex-A78 & 4x2.0 GHz Cortex-A55),Mali-G615 MC2,6.57,120,"AMOLED, 1B colors, 120Hz, 600 nits (typ), 1400 nits (HBM)",1080,2372,50,1.8,1,3.5,7000,80,197.0,8.4,1
oppo_find_x9s_5g_14617,Mediatek Dimensity 9500s (3 nm),Octa-core (1x3.73 GHz Cortex-X925 & 3x3.3 GHz Cortex-X4 & 4x2.4 GHz Cortex-A720),Immortalis-G925 MC11,6.59,120,"AMOLED, 1B colors, 120Hz, 3840Hz PWM, Dolby Vision, 800 nits (typ), 3600 nits (peak)",1256,2760,50,1.8,1,3.0,7025,80,202.0,8.0,1
oppo_find_n6_5g_14389,Qualcomm SM8850-AC Snapdragon 8 Elite Gen 5 (3 nm),Hepta-core (2x4.6 GHz Oryon V3 Phoenix L + 5x3.62 GHz Oryon V3 Phoenix M),Adreno 840,8.12,120,"Foldable LTPO OLED, 1B colors, 120Hz, 2160Hz PWM, Dolby Vision, HDR10+, HDR Vivid, 600 nits (typ), 1800 nits (HBM), 2500 nits (peak)",2248,2480,200,1.8,1,3.0,6000,80,225.0,4.2,1
oppo_find_x9_ultra_5g_14548,Qualcomm SM8850-AC Snapdragon 8 Elite Gen 5 (3 nm),Octa-core (2x4.6 GHz Oryon V3 Phoenix L + 6x3.62 GHz Oryon V3 Phoenix M),Adreno 840,6.82,144,"LTPO AMOLED, 1B colors, 144Hz, Dolby Vision, HDR10+, 800 nits (typ), 1800 nits (HBM), 3600 nits (peak)",1440,3168,200,1.5,1,3.0,7050,100,235.0,8.7,1
oppo_reno15_5g__global__14395,Qualcomm SM7750-AB Snapdragon 7 Gen 4 (4 nm),Octa-core (1x2.8 GHz Cortex-720 & 4x2.4 GHz Cortex-720 & 3x1.8 GHz Cortex-520),Adreno 722,6.59,120,"AMOLED, 1B colors, 120Hz, HDR10+, 600 nits (typ), 1200 nits (HBM)",1256,2760,50,1.8,1,3.5,6500,80,197.0,7.8,1
oppo_reno15_f_5g_14396,Qualcomm SM6450 Snapdragon 6 Gen 1 (4 nm),Octa-core (4x2.2 GHz Cortex-A78 & 4x1.8 GHz Cortex-A55),Adreno 710,6.57,120,"AMOLED, 1B colors, 120Hz, 600 nits (typ), 1400 nits (HBM)",1080,2372,50,1.8,1,0.0,7000,80,195.0,8.1,1
oppo_reno12_13133,Mediatek Dimensity 7300 Energy (4 nm),Octa-core (4x2.5 GHz Cortex-A78 & 4x2.0 GHz Cortex-A55),Mali-G615 MC2,6.7,120,"AMOLED, 1B colors, 120Hz, HDR10+, 1200 nits (peak)",1080,2412,50,1.8,1,0.0,5000,80,177.0,7.6,1
oppo_find_x9_pro_14094,Mediatek Dimensity 9500 (3 nm),Octa-core (1x4.21 GHz C1-Ultra & 3x3.5 GHz C1-Premium & 4x2.7 GHz C1-Pro),Arm G1-Ultra,6.78,120,"LTPO AMOLED, 1B colors, 120Hz, 2160Hz PWM, Dolby Vision, HDR10+, HDR Vivid, 800 nits (typ), 1800 nits (HBM), 3600 nits (peak)",1272,2772,50,1.5,1,3.0,7500,80,224.0,8.3,1
oppo_reno10_pro_12413,Qualcomm SM7325 Snapdragon 778G 5G (6 nm),Octa-core (1x2.4 GHz Cortex-A78 & 3x2.2 GHz Cortex-A78 & 4x1.9 GHz Cortex-A55),Adreno 642L,6.7,120,"AMOLED, 1B colors, 120Hz, HDR10+, 500 nits (typ), 800 nits (HBM), 950 nits (peak)",1080,2412,50,1.8,1,2.0,4600,80,185.0,7.9,1
oppo_find_x8_13407,Mediatek Dimensity 9400 (3 nm),Octa-core (1x3.63 GHz Cortex-X925 & 3x3.3 GHz Cortex-X4 & 4x2.4 GHz Cortex-A720),Immortalis-G925,6.59,120,"AMOLED, 1B colors, 120Hz, 3840Hz PWM, Dolby Vision, HDR10+, 800 nits (typ), 1600 nits (HBM), 4500 nits (peak)",1256,2760,50,1.8,1,3.0,5630,80,193.0,7.9,1
oppo_a6t_5g_14417,Mediatek Dimensity 6300 (6 nm),Octa-core (2x2.4 GHz Cortex-A76 & 6x2.0 GHz Cortex-A55),Mali-G57 MC2,6.75,120,"IPS LCD, 120Hz, 1125 nits (peak)",720,1570,50,1.8,0,0.0,6500,45,212.0,8.6,1
oppo_a6c_14418,Unisoc T7250 (12 nm),Octa-core (2x1.8 GHz Cortex-A75 & 6x1.6 GHz Cortex-A55),Mali-G57 MP1,6.75,120,"IPS LCD, 120Hz, 700 nits (typ)",720,1570,13,2.2,0,0.0,7000,15,215.0,8.9,1
oppo_reno14_5g_13866,Mediatek Dimensity 8350 (4 nm),Octa-core (1x3.35 GHz Cortex-A715 & 3x3.20 GHz Cortex-A715 & 4x2.20 GHz Cortex-A510),Mali G615-MC6,6.59,120,"AMOLED, 1B colors, 120Hz, 3840Hz PWM, HDR10+, 600 nits (typ), 1200 nits (HBM)",1256,2760,50,1.8,1,3.5,6000,80,187.0,7.3,1
oppo_find_n3_12205,Qualcomm SM8550-AB Snapdragon 8 Gen 2 (4 nm),Octa-core (1x3.2 GHz Cortex-X3 & 2x2.8 GHz Cortex-A715 & 2x2.8 GHz Cortex-A710 & 3x2.0 GHz Cortex-A510),Adreno 740,7.82,120,"Foldable LTPO3 OLED, 1B colors, Dolby Vision, 120Hz, 2800 nits (peak)",2268,2440,48,1.7,1,3.0,4805,67,239.0,5.8,1
oppo_reno12_f_4g_13216,Qualcomm SM6225 Snapdragon 685 (6 nm),Octa-core (4x2.8 GHz Cortex-A73 & 4x1.9 GHz Cortex-A53),Adreno 610,6.67,120,"AMOLED, 120Hz, 600 nits (typ), 1200 nits (HMB), 2100 nits (peak)",1080,2400,50,1.8,1,0.0,5000,45,187.0,7.7,1
oppo_a6t_pro_14415,Qualcomm SM6225 Snapdragon 685 (6 nm),Octa-core (4x2.8 GHz Cortex-A73 & 4x1.9 GHz Cortex-A53),Adreno 610,6.75,120,"IPS LCD, 120Hz, 1125 nits (peak)",720,1570,50,1.8,1,0.0,7000,45,215.0,8.6,1
oppo_a6_14413,Qualcomm SM6225 Snapdragon 685 (6 nm),Octa-core (4x2.8 GHz Cortex-A73 & 4x1.9 GHz Cortex-A53),Adreno 610,6.75,120,"IPS LCD, 120Hz, 1125 nits (peak)",720,1570,50,1.8,1,0.0,7000,45,215.0,8.6,1
vivo_y28_4g_13201,Mediatek Helio G85 (12 nm),Octa-core (2x2.0 GHz Cortex-A75 & 6x1.8 GHz Cortex-A55),Mali-G52 MC2,6.68,90,"IPS LCD, 90Hz, 760 nits (typ), 1000 nits (HBM)",720,1608,50,1.8,0,0.0,6000,44,199.0,8.0,1
vivo_y16_11874,Mediatek MT6765 Helio P35 (12 nm),Octa-core (4x2.3 GHz Cortex-A53 & 4x1.8 GHz Cortex-A53),PowerVR GE8320,6.51,60,IPS LCD,720,1600,13,2.2,0,0.0,5000,10,184.0,8.2,1
realme_13__13255,Mediatek Dimensity 7300 Energy (4 nm),Octa-core (4x2.5 GHz Cortex-A78 & 4x2.0 GHz Cortex-A55),Mali-G615 MC2,6.67,120,"AMOLED, 120Hz, HDR10+, 600 nits (typ), 2000 nits (peak)",1080,2400,50,1.8,1,0.0,5000,80,185.0,7.6,1
honor_400_pro_5g_13798,Qualcomm SM8650-AB Snapdragon 8 Gen 3 (4 nm),Octa-core (1x3.0 GHz Cortex-X4 & 5x2.95 GHz Cortex-A720 & 2x2.0 GHz Cortex-A520),Adreno 750,6.7,120,"AMOLED, 1B colors, 120Hz, 3840Hz PWM, HDR Vivid, 5000 nits (peak)",1280,2800,200,1.9,1,3.0,5300,100,205.0,8.1,1
honor_x9d_5g_14176,Qualcomm Snapdragon 6 Gen 4 (4 nm),Octa-core (1x2.3 GHz Cortex-A720s & 3x2.2 GHz Cortex-A720s & 4x1.8 GHz Cortex-A520s),Adreno 810,6.79,120,"AMOLED, 1B colors, 120Hz, 3840Hz PWM, HDR, 800 nits (typ), 1800 nits (HBM), 6000 nits (peak)",1200,2640,108,1.8,1,0.0,8300,66,193.0,7.8,1
honor_600_5g__china__14681,Qualcomm SM7750-AB Snapdragon 7 Gen 4 (4 nm),Octa-core (1x2.8 GHz Cortex-720 & 4x2.4 GHz Cortex-720 & 3x1.8 GHz Cortex-520),Adreno 722,6.57,120,"AMOLED, 1B colors, 120Hz, 3840Hz PWM, HDR, 800 nits (typ), 1800 nits (HBM), 8000 nits (peak)",1264,2728,200,1.9,1,3.0,8600,80,201.0,8.0,1
honor_x8d_14351,Qualcomm Snapdragon 6s 4G Gen 2,Octa-core (4x2.9 GHz Cortex-A73 & 4x1.9 GHz Cortex-A53),Adreno 610,6.77,120,"AMOLED, 1B colors, 120Hz, 3840Hz PWM, 800 nits (typ), 1300 nits (HBM), 3000 nits (peak)",1080,2392,108,1.8,1,0.0,7000,45,188.0,7.5,1
honor_x7d_5g_14175,Qualcomm SM6375 Snapdragon 6s Gen 3 (6 nm),Octa-core (2x2.3 GHz Cortex-A78 & 6x2.0 GHz Cortex-A55),Adreno 619,6.77,120,"TFT LCD, 120Hz, 850 nits (HBM)",720,1610,50,1.8,0,0.0,6500,35,206.0,8.2,1
honor_magic_v5_13982,Qualcomm SM8750-AB Snapdragon 8 Elite (3 nm),Octa-core (2x4.32 GHz Oryon V2 Phoenix L + 6x3.53 GHz Oryon V2 Phoenix M),Adreno 830,7.95,120,"Foldable LTPO AMOLED, 1B colors, 120Hz, 5000 nits (peak)",2172,2352,50,1.6,1,3.0,5820,66,217.0,4.1,1
honor_400_5g__china__13930,Qualcomm SM7750-AB Snapdragon 7 Gen 4 (4 nm),Octa-core (1x2.8 GHz Cortex-720 & 4x2.4 GHz Cortex-720 & 3x1.8 GHz Cortex-520),Adreno 722,6.55,120,"AMOLED, 1B colors, 120Hz, HDR, 5000 nits (peak)",1264,2736,200,1.9,1,0.0,7200,80,196.0,7.8,1
honor_x6c_13938,Mediatek Helio G81 Ultra (12 nm),Octa-core (2x2.0 GHz Cortex-A75 & 6x1.7 GHz Cortex-A55),Mali-G52 MC2,6.61,120,"TFT LCD, 120Hz, 1010 nits (peak)",720,1604,50,1.8,0,0.0,5300,35,199.0,8.4,1
honor_x5c_plus_14156,Mediatek Helio G81 (12 nm),Octa-core (2x2.0 GHz Cortex-A75 & 6x1.7 GHz Cortex-A55),Mali-G52 MC2,6.74,90,"TFT LCD, 90Hz",720,1600,50,1.8,0,0.0,5260,15,186.0,7.9,0
honor_play_9230,Kirin 970 (10 nm),Octa-core (4x2.4 GHz Cortex-A73 & 4x1.8 GHz Cortex-A53),Mali-G72 MP12,6.3,60,IPS LCD,1080,2340,16,2.2,0,0.0,3750,18,176.0,7.5,0
tecno_camon_40_13697,Mediatek Helio G100 Ultimate (6 nm),Octa-core (2x2.2 GHz Cortex-A76 & 6x2.0 GHz Cortex-A55),Mali-G57 MC2,6.78,120,"AMOLED, 120Hz",1080,2436,50,1.9,1,0.0,5200,45,177.2,7.3,1
tecno_pova_curve_2_5g_14384,Mediatek Dimensity 7100 (6 nm),Octa-core (4x2.4 GHz Cortex-A78 & 4x2.0 GHz Cortex-A55),Mali-G610 MC2,6.78,144,"AMOLED, 1B colors, 144Hz, 2304Hz PWM, 1600 nits (HBM), 4500 nits (peak)",1080,2364,50,1.8,1,0.0,8000,45,195.0,7.4,1
tecno_spark_40_pro__13986,Mediatek Helio G200 (6 nm),Octa-core (2x2.2 GHz Cortex-A76 & 6x2.0 GHz Cortex-A55),Mali-G57 MC2 (1.1GHz),6.78,144,"AMOLED, 1B colors, 144Hz, 1600 nits (HBM), 4500 nits (peak)",1224,2720,50,1.6,0,0.0,5200,45,160.4,6.5,1
tecno_camon_40_pro_5g_13695,Mediatek Dimensity 7300 (4 nm),Octa-core (4x2.5 GHz Cortex-A78 & 4x2.0 GHz Cortex-A55),Mali-G615 MC2,6.78,144,"AMOLED, 144Hz",1080,2436,50,1.9,1,0.0,5200,45,179.0,7.3,1
tecno_spark_50_5g_14566,Mediatek Dimensity 6400 (6 nm),Octa-core (2x2.5 GHz Cortex-A76 & 6x2.0 GHz Cortex-A55),Mali-G57 MC2,6.78,120,"IPS LCD, 120Hz",720,1576,50,1.9,0,0.0,6500,45,210.0,8.2,1
tecno_spark_go_3_14420,Unisoc T7250 (12 nm),Octa-core (2x1.8 GHz Cortex-A75 & 6x1.6 GHz Cortex-A55),Mali-G57 MP1,6.74,120,"IPS LCD, 120Hz",720,1600,13,1.8,0,0.0,5000,15,190.0,8.1,0
nubia_nubia_neo_5,MediaTek Dimensity / Helio,Octa-core,Adreno / Mali GPU,6.67,120,AMOLED,1080,2400,50,1.8,0,0.0,5000,33,188.0,7.9,1
nubia_nubia_neo_5_gt,MediaTek Dimensity / Helio,Octa-core,Adreno / Mali GPU,6.67,120,AMOLED,1080,2400,50,1.8,1,0.0,5000,67,188.0,7.9,1
nubia_zte_nubia_z60s_pro,MediaTek Dimensity / Helio,Octa-core,Adreno / Mali GPU,6.67,120,AMOLED,1080,2400,50,1.8,1,0.0,5000,67,188.0,7.9,1
nubia_nubia_neo_5_max,MediaTek Dimensity / Helio,Octa-core,Adreno / Mali GPU,6.67,120,AMOLED,1080,2400,50,1.8,1,0.0,5000,67,188.0,7.9,1
nubia_nubia_neo_5_gt_special_edition,MediaTek Dimensity / Helio,Octa-core,Adreno / Mali GPU,6.67,120,AMOLED,1080,2400,50,1.8,1,0.0,5000,67,188.0,7.9,1
nubia_nubia_neo_3_gt,MediaTek Dimensity / Helio,Octa-core,Adreno / Mali GPU,6.67,120,AMOLED,1080,2400,50,1.8,1,0.0,5000,33,188.0,7.9,1
nubia_nubia_v80_max,MediaTek Dimensity / Helio,Octa-core,Adreno / Mali GPU,6.67,90,IPS LCD,1080,2400,50,1.8,0,0.0,5000,33,188.0,7.9,1
nubia_nubia_neo_3,MediaTek Dimensity / Helio,Octa-core,Adreno / Mali GPU,6.67,120,IPS LCD,1080,2400,50,1.8,0,0.0,5000,33,188.0,7.9,1
nubia_nubia_v80_design,MediaTek Dimensity / Helio,Octa-core,Adreno / Mali GPU,6.67,90,IPS LCD,1080,2400,50,1.8,0,0.0,5000,18,188.0,7.9,0
nubia_nubia_air,MediaTek Dimensity / Helio,Octa-core,Adreno / Mali GPU,6.67,120,IPS LCD,1080,2400,50,1.8,0,0.0,5000,33,188.0,7.9,1
nubia_nubia_v70_max,MediaTek Dimensity / Helio,Octa-core,Adreno / Mali GPU,6.67,90,IPS LCD,1080,2400,50,1.8,0,0.0,5000,18,188.0,7.9,0
asus_asus_zenfone_max_pro_m2,MediaTek Dimensity / Helio,Octa-core,Adreno / Mali GPU,6.67,120,IPS LCD,1080,2400,50,1.8,0,0.0,5000,33,188.0,7.9,1
sony_xperia_1_viii_5g_14660,Qualcomm SM8850-AC Snapdragon 8 Elite Gen 5 (3 nm),Octa-core (2x4.6 GHz Oryon V3 Phoenix L + 6x3.62 GHz Oryon V3 Phoenix M),Adreno 840,6.5,120,"LTPO OLED, 1B colors, 120Hz, HDR BT.2020",1080,2340,48,1.9,1,2.9,5000,30,200.0,8.3,1
sony_xperia_1_vii_5g_13843,Qualcomm SM8750-AB Snapdragon 8 Elite (3 nm),Octa-core (2x4.32 GHz Oryon V2 Phoenix L + 6x3.53 GHz Oryon V2 Phoenix M),Adreno 830,6.5,120,"LTPO OLED, 1B colors, 120Hz, HDR BT.2020",1080,2340,48,1.9,1,3.0,5000,30,197.0,8.2,1
sony_xperia_10_vii_5g_14137,Qualcomm SM6475-AB Snapdragon 6 Gen 3 (4 nm),Octa-core (4x2.4 GHz Cortex-A78 & 4x1.8 GHz Cortex-A55),Adreno 710,6.1,120,"OLED, 1B colors, 120Hz, HDR",1080,2340,50,1.9,1,0.0,5000,18,168.0,8.3,1
nothing_phone__4b__5g_14781,Qualcomm Snapdragon 6 Gen 4 (4 nm),Octa-core (1x2.3 GHz Cortex-A720s & 3x2.2 GHz Cortex-A720s & 4x1.8 GHz Cortex-A520s),Adreno 810,6.77,120,"AMOLED, 120Hz, 480Hz PWM, 600 nits (typ), 1200 nits (HBM), 2000 nits (peak)",1080,2344,50,1.8,1,0.0,5200,33,210.0,8.6,1
huawei_mate_x7_5g_14314,Kirin 9030 Pro (6 nm),9-core (1x2.75 GHz & 4x2.27 GHz & 4x1.72 GHz),Maleoon 935,8.0,120,"Foldable LTPO OLED, 1B colors, 120Hz, 1440Hz PWM, HDR Vivid, 2500 nits (peak)",2210,2416,50,1.5,1,3.5,5600,66,236.0,4.5,1
huawei_p30_lite_9545,Kirin 710 (12 nm),Octa-core (4x2.2 GHz Cortex-A73 & 4x1.7 GHz Cortex-A53),Mali-G51 MP4,6.15,60,IPS LCD,1080,2312,48,1.8,1,0.0,3340,18,159.0,7.4,1
huawei_p30_pro_9635,Kirin 980 (7 nm),Octa-core (2x2.6 GHz Cortex-A76 & 2x1.92 GHz Cortex-A76 & 4x1.8 GHz Cortex-A55),Mali-G76 MP10,6.47,60,"OLED, HDR10",1080,2340,40,1.6,1,5.0,4200,40,192.0,8.4,1
huawei_p30_9530,Kirin 980 (7 nm),Octa-core (2x2.6 GHz Cortex-A76 & 2x1.92 GHz Cortex-A76 & 4x1.8 GHz Cortex-A55),Mali-G76 MP10,6.1,60,"OLED, HDR10",1080,2340,40,1.8,1,3.0,3650,5,165.0,7.6,1
meizu_meizu_mblu_note_21_pro_nfc,MediaTek Dimensity / Helio,Octa-core,Adreno / Mali GPU,6.67,90,IPS LCD,1080,2400,50,1.8,0,0.0,5000,33,188.0,7.9,1
meizu_lucky_08_13365,Qualcomm SM7435-AB Snapdragon 7s Gen 2 (4 nm),Octa-core (4x2.40 GHz Cortex-A78 & 4x1.95 GHz Cortex-A55),Adreno 710,6.78,144,"LTPO AMOLED, 1B colors, 144Hz, HDR, 800 nits (typ), 5000 nits (peak)",1264,2780,108,1.7,0,0.0,6000,45,202.0,8.6,1
meizu_mblu_22_pro_13700,Mediatek Helio G81 (12 nm),Octa-core (2x2.0 GHz Cortex-A75 & 6x1.8 GHz Cortex-A55),Mali-G52 MC2,6.79,120,"TFT LCD, 120Hz, 400 nits (HBM)",720,1640,50,1.8,0,0.0,5000,18,212.0,8.5,0
meizu_mblu_22_13699,Unisoc SC9863A (28 nm),Octa-core (4x1.6 GHz Cortex-A55 & 4x1.2 GHz Cortex-A55),IMG8322,6.79,90,"IPS LCD, 90Hz",720,1640,13,1.8,0,0.0,5000,10,200.0,8.9,0
meizu_mblu_21_13530,Unisoc T606 (12 nm),Octa-core (2x1.6 GHz Cortex-A75 & 6x1.6 GHz Cortex-A55),Mali-G57 MP1,6.79,90,"IPS LCD, 90Hz",720,1640,13,1.8,0,0.0,4900,18,190.0,8.0,0
nokia_220_4g__2024__13167,Unisoc T107 (22 nm),1.0 GHz Cortex-A7,Adreno / Mali GPU,2.8,60,TFT LCD,240,320,50,1.8,0,0.0,1450,18,190.0,11.6,0
nokia_nokia_hmd_105,MediaTek Dimensity / Helio,Octa-core,Adreno / Mali GPU,6.67,90,IPS LCD,1080,2400,50,1.8,0,0.0,5000,18,188.0,7.9,0
nokia_3210_12990,Unisoc T107 (22 nm),1.0 GHz Cortex-A7,Adreno / Mali GPU,2.4,60,TFT,240,320,2,1.8,0,0.0,1450,18,190.0,13.1,0
nokia_105__2024__13188,MediaTek Dimensity / Helio,Octa-core,Adreno / Mali GPU,2.0,60,"TFT LCD, 65K colors",120,160,50,1.8,0,0.0,1000,18,77.5,14.0,0
nokia_110_4g__2024__13471,MediaTek Dimensity / Helio,Octa-core,Adreno / Mali GPU,2.0,60,"TFT LCD, 65K colors",240,320,12,1.8,0,0.0,1000,18,190.0,8.0,0
nokia_7_2_9833,Qualcomm SDM660 Snapdragon 660 (14 nm),Octa-core (4x2.2 GHz Kryo 260 Gold & 4x1.8 GHz Kryo 260 Silver),Adreno 512,6.3,60,"IPS LCD, HDR10",1080,2280,48,1.8,0,0.0,3500,10,180.0,8.3,1
nokia_3_2_9604,Qualcomm SDM429 Snapdragon 429 (12 nm),Quad-core 1.8 GHz Cortex-A53,Adreno 504,6.26,60,IPS LCD,720,1520,13,2.2,0,0.0,4000,10,181.0,8.6,0
masstel_tr_em_masstel_alfa_5,Unisoc T107 4G,Single-core 1.0 GHz,Feature GPU,2.4,60,TFT LCD,240,320,2,2.8,0,0.0,1800,5,110.0,14.0,0
masstel_masstel_izi_15,Unisoc T107 4G,Single-core 1.0 GHz,Feature GPU,2.4,60,TFT LCD,240,320,2,2.8,0,0.0,1800,5,110.0,14.0,0
masstel_masstel_izi_t5_plus,Unisoc T107 4G,Single-core 1.0 GHz,Feature GPU,2.4,60,TFT LCD,240,320,2,2.8,0,0.0,1800,5,110.0,14.0,0
masstel_masstel_fami_8,Unisoc T107 4G,Single-core 1.0 GHz,Feature GPU,2.4,60,TFT LCD,240,320,2,2.8,0,0.0,1800,5,110.0,14.0,0
masstel_masstel_izi_t8,Unisoc T107 4G,Single-core 1.0 GHz,Feature GPU,2.4,60,TFT LCD,240,320,2,2.8,0,0.0,1800,5,110.0,14.0,0
masstel_masstel_izi_s8,Unisoc T107 4G,Single-core 1.0 GHz,Feature GPU,2.4,60,TFT LCD,240,320,2,2.8,0,0.0,1800,5,110.0,14.0,0
masstel_masstel_izi_22,Unisoc T107 4G,Single-core 1.0 GHz,Feature GPU,2.4,60,TFT LCD,240,320,2,2.8,0,0.0,1800,5,110.0,14.0,0
masstel_masstel_fami_25,Unisoc T107 4G,Single-core 1.0 GHz,Feature GPU,2.4,60,TFT LCD,240,320,2,2.8,0,0.0,1800,5,110.0,14.0,0
itel_p55_5g_12604,Mediatek Dimensity 6080 (6 nm),Octa-core (2x2.4 GHz Cortex-A76 & 6x2.0 GHz Cortex-A55),Mali-G57 MC2,6.6,90,"IPS LCD, 90Hz",720,1612,50,1.8,0,0.0,5000,18,190.0,8.0,1
tcl_tcl_40_nxt_paper,MediaTek Dimensity / Helio,Octa-core,Adreno / Mali GPU,6.67,90,IPS LCD,1080,2400,50,1.8,0,0.0,5000,33,188.0,7.9,1
tcl_406_12147,MediaTek Dimensity / Helio,Octa-core (4x2.0 GHz Cortex-A53 & 4x1.5 GHz Cortex-A53),PowerVR GE8320,6.6,60,"IPS LCD, 400 nits (typ)",720,1612,13,2.2,0,0.0,5000,10,190.0,9.0,0
tcl_tcl_40se,MediaTek Dimensity / Helio,Octa-core,Adreno / Mali GPU,6.67,90,IPS LCD,1080,2400,50,1.8,0,0.0,5000,18,188.0,7.9,0
tcl_408_12060,Mediatek MT6762G Helio G25 (12 nm),Octa-core (4x2.0 GHz Cortex-A53 & 4x1.5 GHz Cortex-A53),PowerVR GE8320,6.6,60,"IPS LCD, 400 nits (typ)",720,1612,50,1.8,0,0.0,5000,10,190.0,9.0,0
apple_iphone_16_pro_max_c_p,Apple A-Series,Octa-core,Adreno / Mali GPU,6.67,120,AMOLED,1080,2400,50,1.8,1,3.0,5000,67,188.0,7.9,1
apple_iphone_15_pro_max_c_p,Apple A-Series,Octa-core,Adreno / Mali GPU,6.67,120,AMOLED,1080,2400,50,1.8,1,3.0,5000,67,188.0,7.9,1
apple_iphone_15_plus_c_p,Apple A-Series,Octa-core,Adreno / Mali GPU,6.67,120,AMOLED,1080,2400,50,1.8,1,3.0,5000,67,188.0,7.9,1
apple_iphone_14_pro_max_c_p,Apple A-Series,Octa-core,Adreno / Mali GPU,6.67,120,AMOLED,1080,2400,50,1.8,1,3.0,5000,67,188.0,7.9,1
apple_iphone_14_plus_c_p,Apple A-Series,Octa-core,Adreno / Mali GPU,6.67,120,AMOLED,1080,2400,50,1.8,1,0.0,5000,67,188.0,7.9,1
apple_iphone_13_pro_max_c_tr_y_x_c,Apple A-Series,Octa-core,Adreno / Mali GPU,6.67,120,AMOLED,1080,2400,50,1.8,1,0.0,5000,67,188.0,7.9,1
oppo_find_n5_13659,Qualcomm SM8750-3-AB Snapdragon 8 Elite (3 nm),7-core (2x4.32 GHz Oryon V2 Phoenix L + 5x3.53 GHz Oryon V2 Phoenix M),Adreno 830,8.12,120,"Foldable LTPO OLED, 1B colors, Dolby Vision, HDR10+, HDR Vivid, 120Hz, 1400 nits (HBM), 2100 nits (peak)",2248,2480,50,1.9,1,3.0,5600,80,229.0,4.2,1
apple_iphone_14_pro_max_c_tr_y_x_c,Apple A-Series,Octa-core,Adreno / Mali GPU,6.67,120,AMOLED,1080,2400,50,1.8,1,3.0,5000,67,188.0,7.9,1
apple_iphone_15_pro_max_c_tr_y_x_c,Apple A-Series,Octa-core,Adreno / Mali GPU,6.67,120,AMOLED,1080,2400,50,1.8,1,3.0,5000,67,188.0,7.9,1
apple_iphone_13_pro_max_c_p,Apple A-Series,Octa-core,Adreno / Mali GPU,6.67,120,AMOLED,1080,2400,50,1.8,1,0.0,5000,67,188.0,7.9,1
apple_iphone_16_pro_max_c_tr_y_x_c,Apple A-Series,Octa-core,Adreno / Mali GPU,6.67,120,AMOLED,1080,2400,50,1.8,1,3.0,5000,67,188.0,7.9,1
apple_iphone_16_pro_c_p,Apple A-Series,Octa-core,Adreno / Mali GPU,6.67,120,AMOLED,1080,2400,50,1.8,1,3.0,5000,67,188.0,7.9,1
apple_iphone_12_pro_max_c_p,Apple A-Series,Octa-core,Adreno / Mali GPU,6.67,120,AMOLED,1080,2400,50,1.8,1,0.0,5000,67,188.0,7.9,1
apple_iphone_duo,Apple A-Series,Octa-core,Adreno / Mali GPU,6.67,120,AMOLED,1080,2400,50,1.8,1,3.0,5000,67,188.0,7.9,1
apple_iphone_air_apple_vi_t_nam,Apple A-Series,Octa-core,Adreno / Mali GPU,6.67,120,AMOLED,1080,2400,50,1.8,1,3.0,5000,67,188.0,7.9,1
apple_iphone_17_apple_vi_t_nam,Apple A-Series,Octa-core,Adreno / Mali GPU,6.67,120,AMOLED,1080,2400,50,1.8,1,3.0,5000,67,188.0,7.9,1
apple_iphone_17_pro_apple_vi_t_nam,Apple A-Series,Octa-core,Adreno / Mali GPU,6.67,120,AMOLED,1080,2400,50,1.8,1,3.0,5000,67,188.0,7.9,1
apple_iphone_17_pro_max_apple_vi_t_nam,Apple A-Series,Octa-core,Adreno / Mali GPU,6.67,120,AMOLED,1080,2400,50,1.8,1,3.0,5000,67,188.0,7.9,1
apple_iphone_17e_apple_vi_t_nam,Apple A-Series,Octa-core,Adreno / Mali GPU,6.67,120,AMOLED,1080,2400,50,1.8,1,3.0,5000,67,188.0,7.9,1
apple_iphone_16_pro_13315,Apple A18 Pro (3 nm),Hexa-core (2x4.05 GHz + 4x2.42 GHz),Apple GPU (6-core graphics),6.3,120,"LTPO Super Retina XDR OLED, 120Hz, HDR10, Dolby Vision, 1000 nits (typ), 2000 nits (HBM)",1206,2622,48,1.8,1,5.0,3582,25,199.0,8.3,1
apple_iphone_16_plus_13316,Apple A18 (3 nm),Hexa-core (2x4.04 GHz + 4x2.20 GHz),Apple GPU (5-core graphics),6.7,60,"Super Retina XDR OLED, HDR10, Dolby Vision, 1000 nits (typ), 2000 nits (HBM)",1290,2796,48,1.6,1,3.0,4674,25,199.0,7.8,1
samsung_galaxy_s26_series,MediaTek Dimensity / Helio,Octa-core,Adreno / Mali GPU,6.67,90,IPS LCD,1080,2400,50,1.8,0,0.0,5000,18,188.0,7.9,0
xiaomi_poco_m7_pro_5g_13570,Mediatek Dimensity 7025 Ultra (6 nm),Octa-core (2x2.5 GHz Cortex-A78 & 6x2.0 GHz Cortex-A55),IMG BXM-8-256,6.67,120,"AMOLED, 120Hz, 960Hz PWM, HDR10+, 2100 nits (peak), Dolby Vision (India only)",1080,2400,50,1.5,1,0.0,5110,45,190.0,8.0,1
xiaomi_redmi_15c_5g_14039,Mediatek Dimensity 6300 (6 nm),Octa-core (2x2.4 GHz Cortex-A76 & 6x2.0 GHz Cortex-A55),Mali-G57 MC2,6.9,120,"IPS LCD, 120Hz, 810 nits (HBM)",720,1600,50,1.8,0,0.0,6000,33,211.0,8.2,1
xiaomi_15_13472,Qualcomm SM8750-AB Snapdragon 8 Elite (3 nm),Octa-core (2x4.32 GHz Oryon V2 Phoenix L + 6x3.53 GHz Oryon V2 Phoenix M),Adreno 830,6.36,120,"LTPO AMOLED, 68B colors, 1920Hz PWM, 120Hz, Dolby Vision, HDR10+, 3200 nits (peak)",1200,2670,50,1.6,1,2.6,5240,90,192.0,8.0,1
xiaomi_redmi_a7_14623,Unisoc T7250 (12 nm),Octa-core (2x1.8 GHz Cortex-A75 & 6x1.6 GHz Cortex-A55),Mali-G57 MP1,6.88,120,"IPS LCD, 120Hz, 600 nits (peak)",720,1640,13,2.2,0,0.0,5200,15,193.0,8.3,0
xiaomi_redmi_17c_5g_14866,Mediatek Dimensity 6300 (6 nm),Octa-core (2x2.4 GHz Cortex-A76 & 6x2.0 GHz Cortex-A55),Mali-G57 MC2,6.9,120,"IPS LCD, 120Hz",720,1600,50,1.8,0,0.0,6000,33,211.0,8.1,1
xiaomi_poco_m7_14071,Qualcomm SM6225 Snapdragon 685 (6 nm),Octa-core (4x2.8 GHz Cortex-A73 & 4x1.9 GHz Cortex-A53),Adreno 610,6.9,144,"IPS LCD, 144Hz, 700 nits (typ), 850 nits (HBM)",1080,2340,50,1.8,0,0.0,7000,33,224.0,8.6,1
xiaomi_redmi_note_14_4g__global__13616,Mediatek Helio G99 Ultra (6 nm),Octa-core (2x2.2 GHz Cortex-A76 & 6x2.0 GHz Cortex-A55),Mali-G57 MC2,6.67,120,"AMOLED, 120Hz, 960Hz PWM, 1200 nits (HBM), 1800 nits (peak)",1080,2400,108,1.7,0,0.0,5500,33,196.5,8.2,1
xiaomi_redmi_17_5g_14869,Qualcomm Snapdragon 4 Gen 5 (4 nm),Octa-core (2x2.4 GHz Cortex-A78 & 6x2.0 GHz Cortex-A55),Adreno 613,6.9,120,"IPS LCD, 120Hz, 825 nits (HBM)",720,1600,50,1.8,0,0.0,7500,45,232.0,8.8,1
oppo_a6_pro_5g__india__14399,Mediatek Dimensity 6300 (6 nm),Octa-core (2x2.4 GHz Cortex-A76 & 6x2.0 GHz Cortex-A55),Mali-G57 MC2,6.75,120,"IPS LCD, 120Hz, 1125 nits (peak)",720,1570,50,1.8,1,0.0,7000,80,216.0,8.6,1
oppo_a5_4g_13871,Qualcomm SM-6115 Snapdragon 6s 4G Gen1 (11 nm),Octa-core (4x2.1 GHz Cortex-A73 & 4x1.8 GHz Cortex-A53),Adreno 610,6.67,90,"IPS LCD, 90Hz, 1000 nits (HBM)",720,1604,50,1.8,0,0.0,6000,45,193.0,8.0,1
oppo_reno14_f_5g_13977,Qualcomm SM6450 Snapdragon 6 Gen 1 (4 nm),Octa-core (4x2.2 GHz Cortex-A78 & 4x1.8 GHz Cortex-A55),Adreno 710,6.57,120,"AMOLED, 1B colors, 120Hz, 600 nits (typ), 1400 nits (HBM)",1080,2372,50,1.8,1,0.0,6000,45,180.0,7.7,1
oppo_a79_12636,Mediatek Dimensity 6020 (7 nm),Octa-core (2x2.2 GHz Cortex-A76 & 6x2.0 GHz Cortex-A55),Mali-G57 MC2,6.72,90,"IPS LCD, 90Hz, 680 nits (peak)",1080,2400,50,1.8,0,0.0,5000,33,193.0,8.0,1
oppo_a58_4g_12436,Mediatek MT6769 Helio G85 (12 nm),Octa-core (2x2.0 GHz Cortex-A75 & 6x1.8 GHz Cortex-A55),Mali-G52 MC2,6.72,60,"IPS LCD, 550 nits (typ), 680 nits (HBM)",1080,2400,50,1.8,0,0.0,5000,33,192.0,8.0,1
oppo_a3_4g_13275,Qualcomm SM-6115 Snapdragon 6s 4G Gen1 (11 nm),Octa-core (4x2.1 GHz Cortex-A73 & 4x1.8 GHz Cortex-A53),Adreno 610,6.67,90,"IPS LCD, 90Hz, 1000 nits (HBM)",720,1604,50,1.8,0,0.0,5100,45,186.0,7.7,1
honor_400_lite_13742,Mediatek Dimensity 7025 Ultra (6 nm),Octa-core (2x2.5 GHz Cortex-A78 & 6x2.0 GHz Cortex-A55),IMG BXM-8-256,6.7,120,"AMOLED, 120Hz, 3840Hz PWM, 3500 nits (peak)",1080,2412,108,1.8,1,0.0,5230,35,171.0,7.3,1
honor_x6b_5g_14195,Qualcomm SM4450 Snapdragon 4 Gen 2 (4 nm),Octa-core (2x2.2 GHz Cortex-A78 & 6x1.95 GHz Cortex-A55),Adreno 613,6.77,120,"TFT LCD, 120Hz, 850 nits (peak)",720,1610,50,1.8,0,0.0,5200,35,191.0,8.1,1
tecno_pova_7_13974,Mediatek Helio G100 Ultimate (6 nm),Octa-core (2x2.2 GHz Cortex-A76 & 6x2.0 GHz Cortex-A55),Mali-G57 MC2,6.78,120,"AMOLED, 120Hz",1080,2460,108,1.8,0,0.0,7000,45,190.0,9.3,1
tecno_spark_go_2_13975,Unisoc T7250 (12 nm),Octa-core (2x1.8 GHz Cortex-A75 & 6x1.6 GHz Cortex-A55),Mali-G57 MP1,6.67,120,"IPS LCD, 120Hz",720,1600,13,1.8,0,0.0,5000,15,190.0,8.3,0
tecno_spark_40_5g_14568,Mediatek Dimensity 6400 (6 nm),Octa-core (2x2.5 GHz Cortex-A76 & 6x2.0 GHz Cortex-A55),Mali-G57 MC2,6.75,120,"IPS LCD, 120Hz",720,1600,50,1.8,0,0.0,6000,18,194.0,8.0,1
tecno_spark_30_5g_13384,Mediatek Dimensity 6300 (6 nm),Octa-core (2x2.4 GHz Cortex-A76 & 6x2.0 GHz Cortex-A55),Mali-G57 MC2,6.67,120,"IPS LCD, 120Hz",720,1600,108,1.9,0,0.0,5000,18,190.0,7.8,1
tecno_pova_6_12910,Mediatek Helio G99 Ultimate (6 nm),Octa-core (2x2.2 GHz Cortex-A76 & 6x2.0 GHz Cortex-A55),Mali-G57 MC2,6.78,120,"AMOLED, 1B colors, 120Hz, 1300 nits (peak)",1080,2460,108,1.8,0,0.0,6000,70,195.0,7.9,1
tecno_camon_30s_13426,Mediatek Helio G100 (6 nm),Octa-core (2x2.2 GHz Cortex-A76 & 6x2.0 GHz Cortex-A55),Mali-G57 MC2,6.78,120,"AMOLED, 120Hz, 1300 nits (HBM)",1080,2436,50,1.9,1,0.0,5000,33,190.0,7.6,0
nubia_gaming_redmagic_11_pro,Snapdragon 8 Gen Series,Octa-core,Adreno / Mali GPU,6.67,120,AMOLED,1080,2400,50,1.8,1,3.0,5000,67,188.0,7.9,1
nubia_gaming_redmagic_11_air,MediaTek Dimensity / Helio,Octa-core,Adreno / Mali GPU,6.67,120,AMOLED,1080,2400,50,1.8,1,0.0,5000,67,188.0,7.9,1
nubia_gaming_redmagic_11s_pro,Snapdragon 8 Gen Series,Octa-core,Adreno / Mali GPU,6.67,120,AMOLED,1080,2400,50,1.8,1,3.0,5000,67,188.0,7.9,1
nubia_redmagic_10s_pro,Snapdragon 8 Gen Series,Octa-core,Adreno / Mali GPU,6.67,120,AMOLED,1080,2400,50,1.8,1,3.0,5000,67,188.0,7.9,1
nubia_gaming_redmagic_10s_pro,Snapdragon 8 Gen Series,Octa-core,Adreno / Mali GPU,6.67,120,AMOLED,1080,2400,50,1.8,1,3.0,5000,67,188.0,7.9,1
nubia_redmagic_10_pro_b_n_qu_c_t,Snapdragon 8 Gen Series,Octa-core,Adreno / Mali GPU,6.67,120,AMOLED,1080,2400,50,1.8,1,3.0,5000,67,188.0,7.9,1
viettel_hera_s9_2_8_inch,Unisoc T107 4G,Single-core 1.0 GHz,Feature GPU,2.4,60,TFT LCD,240,320,2,2.8,0,0.0,1800,5,110.0,14.0,0
htc_wildfire_e5_plus_13719,Unisoc T606 (12 nm),Octa-core (2x1.6 GHz Cortex-A75 & 6x1.6 GHz Cortex-A55),Mali-G57 MP1,6.75,90,"IPS LCD, 90Hz",720,1600,50,1.8,0,0.0,5000,18,218.0,9.5,0
inoi_inoi_a72,MediaTek Dimensity / Helio,Octa-core,Adreno / Mali GPU,6.67,90,IPS LCD,1080,2400,50,1.8,0,0.0,5000,18,188.0,7.9,0
inoi_inoi_a83,MediaTek Dimensity / Helio,Octa-core,Adreno / Mali GPU,6.67,90,IPS LCD,1080,2400,50,1.8,0,0.0,5000,18,188.0,7.9,0
inoi_inoi_note_13s,MediaTek Dimensity / Helio,Octa-core,Adreno / Mali GPU,6.67,90,IPS LCD,1080,2400,50,1.8,0,0.0,5000,18,188.0,7.9,0
inoi_inoi_288s,MediaTek Dimensity / Helio,Octa-core,Adreno / Mali GPU,6.67,90,IPS LCD,1080,2400,50,1.8,0,0.0,5000,18,188.0,7.9,0
inoi_inoi_a54,MediaTek Dimensity / Helio,Octa-core,Adreno / Mali GPU,6.67,90,IPS LCD,1080,2400,50,1.8,0,0.0,5000,18,188.0,7.9,0
benco_benco_v91,MediaTek Dimensity / Helio,Octa-core,Adreno / Mali GPU,6.67,90,IPS LCD,1080,2400,50,1.8,0,0.0,5000,18,188.0,7.9,0
nubia_nubia_v70_design,MediaTek Dimensity / Helio,Octa-core,Adreno / Mali GPU,6.67,90,IPS LCD,1080,2400,50,1.8,0,0.0,5000,18,188.0,7.9,0
nubia_nubia_neo_2,MediaTek Dimensity / Helio,Octa-core,Adreno / Mali GPU,6.67,90,IPS LCD,1080,2400,50,1.8,0,0.0,5000,33,188.0,7.9,1
nubia_nubia_v60_design,MediaTek Dimensity / Helio,Octa-core,Adreno / Mali GPU,6.67,90,IPS LCD,1080,2400,50,1.8,0,0.0,5000,18,188.0,7.9,0
masstel_masstel_fami_12s,Unisoc T107 4G,Single-core 1.0 GHz,Feature GPU,2.4,60,TFT LCD,240,320,2,2.8,0,0.0,1800,5,110.0,14.0,0
tcl_503_13439,Unisoc SC9863A (28 nm),Octa-core (4x1.6 GHz Cortex-A55 & 4x1.2 GHz Cortex-A55),PowerVR GE8322,6.6,60,"IPS LCD, 350 nits (typ)",720,1612,8,2.0,0,0.0,5000,10,185.5,8.9,0
tcl_505_12823,Mediatek Helio G36 (12 nm),Octa-core (4x2.2 GHz Cortex-A53 & 4x1.6 GHz Cortex-A53),PowerVR GE8320,6.75,90,"IPS LCD, 90Hz, 400 nits (typ)",720,1600,50,1.8,0,0.0,5010,10,190.0,8.3,0
mobell_mobell_m539,Unisoc T107 4G,Single-core 1.0 GHz,Feature GPU,2.4,60,TFT LCD,240,320,2,2.8,0,0.0,1800,5,110.0,14.0,0
mobell_mobell_f209,Unisoc T107 4G,Single-core 1.0 GHz,Feature GPU,2.4,60,TFT LCD,240,320,2,2.8,0,0.0,1800,5,110.0,14.0,0
mobell_mobell_f309,Unisoc T107 4G,Single-core 1.0 GHz,Feature GPU,2.4,60,TFT LCD,240,320,2,2.8,0,0.0,1800,5,110.0,14.0,0
nubia_zte_blade_a72,MediaTek Dimensity / Helio,Octa-core,Adreno / Mali GPU,6.67,90,IPS LCD,1080,2400,50,1.8,0,0.0,5000,18,188.0,7.9,0
nubia_zte_blade_a55,MediaTek Dimensity / Helio,Octa-core,Adreno / Mali GPU,6.67,90,IPS LCD,1080,2400,50,1.8,0,0.0,5000,18,188.0,7.9,0
viettel_viettel_t2,Unisoc T107 4G,Single-core 1.0 GHz,Feature GPU,2.4,60,TFT LCD,240,320,2,2.8,0,0.0,1800,5,110.0,14.0,0
samsung_galaxy_z_flip7_fe_5g_13844,Exynos 2400 (4 nm),10-core (1x3.2GHz Cortex-X4 & 2x2.9GHz Cortex-A720 & 3x2.6GHz Cortex-A720 & 4x1.95GHz Cortex-A520),Xclipse 940,6.7,120,"Foldable Dynamic LTPO AMOLED 2X, 120Hz, HDR10+, 2600 nits (peak)",1080,2640,50,1.8,1,3.0,4000,25,187.0,6.9,1
samsung_galaxy_s25_edge_13506,Qualcomm SM8750-AC Snapdragon 8 Elite (3 nm),Octa-core (2x4.47 GHz Oryon V2 Phoenix L + 6x3.53 GHz Oryon V2 Phoenix M),Adreno 830 (1200 MHz),6.7,120,"LTPO AMOLED 2X, 120Hz, HDR10+",1440,3120,200,1.7,1,3.0,3900,25,163.0,5.8,1
oppo_reno16_5g_14747,Qualcomm SM7750-AB Snapdragon 7 Gen 4 (4 nm),Octa-core (1x2.8 GHz Cortex-720 & 4x2.4 GHz Cortex-720 & 3x1.8 GHz Cortex-520),Adreno 722,6.32,120,"AMOLED, 1B colors, 120Hz, 3840Hz PWM, HDR10+, 600 nits (typ), 1800 nits (HBM), 3600 nits (peak)",1216,2640,50,1.8,1,3.5,6700,80,188.0,8.2,1
oppo_a6x_5g__global__14414,Mediatek Dimensity 6300 (6 nm),Octa-core (2x2.4 GHz Cortex-A76 & 6x2.0 GHz Cortex-A55),Mali-G57 MC2,6.75,120,"IPS LCD, 120Hz, 1125 nits (peak)",720,1570,50,1.8,0,0.0,6500,5,212.0,8.6,1
oppo_reno16_pro_5g__china__14675,Mediatek Dimensity 9500s (3 nm),Octa-core (1x3.73 GHz Cortex-X925 & 3x3.3 GHz Cortex-X4 & 4x2.4 GHz Cortex-A720),Immortalis-G925 MC11,6.78,120,"LTPO AMOLED, 1B colors, 120Hz, 2160Hz PWM, 600 nits (typ), 1800 nits (HBM), 3600 nits (peak)",1272,2772,200,1.8,1,3.5,7000,80,205.0,7.7,1
oppo_reno15_pro_5g__india__14406,Mediatek Dimensity 8450 (4 nm),Octa-core (1x3.25 GHz Cortex-A725 & 3x3.0 GHz Cortex-A725 & 4x2.1 GHz Cortex-A725),Mali-G720 MC7,6.78,120,"AMOLED, 1B colors, 120Hz, HDR10+, 600 nits (typ), 1800 nits (HBM)",1272,2772,200,1.8,1,3.5,6500,80,205.0,7.7,1
oppo_reno13_13515,Mediatek Dimensity 8350 (4 nm),Octa-core (1x3.35 GHz Cortex-A715 & 3x3.20 GHz Cortex-A715 & 4x2.20 GHz Cortex-A510),Mali G615-MC6,6.59,120,"AMOLED, 1B colors, 120Hz, 3840Hz PWM, HDR10+, 1200 nits (peak)",1256,2760,50,1.8,1,0.0,5600,80,181.0,7.2,1
oppo_find_n3_flip_12531,Mediatek Dimensity 9200 (4 nm),Octa-core (1x3.05 GHz Cortex-X3 & 3x2.85 GHz Cortex-A715 & 4x1.80 GHz Cortex-A510),Immortalis-G715 MC11,6.8,120,"Foldable LTPO AMOLED, 120Hz, HDR10+, 1200 nits (HBM), 1600 nits (peak)",1080,2520,50,1.8,1,2.0,4300,44,198.0,7.8,1
oppo_a5_pro_4g_13738,Qualcomm SM-6115 Snapdragon 6s 4G Gen1 (11 nm),Octa-core (4x2.1 GHz Cortex-A73 & 4x1.8 GHz Cortex-A53),Adreno 610,6.67,90,"IPS LCD, 90Hz, 1000 nits (HBM)",720,1604,50,1.8,1,0.0,5800,45,194.0,7.8,1
xiaomi_poco_c71_4g_13767,Unisoc T7250 (12 nm),Octa-core (2x1.8 GHz Cortex-A75 & 6x1.6 GHz Cortex-A55),Mali-G57 MP1,6.88,120,"IPS LCD, 120Hz, 450 nits (typ), 600 nits (HBM)",720,1640,32,1.8,0,0.0,5200,15,193.0,8.3,0
vivo_x300_ultra_5g_14388,Qualcomm SM8850-AC Snapdragon 8 Elite Gen 5 (3 nm),Octa-core (2x4.6 GHz Oryon V3 Phoenix L + 6x3.62 GHz Oryon V3 Phoenix M),Adreno 840,6.82,144,"LTPO AMOLED, 1B colors, 144Hz, 2160Hz PWM, Dolby Vision, HDR10+, HDR Vivid",1440,3168,200,1.9,1,3.7,6600,100,232.0,8.2,1
vivo_v70_fe_5g_14504,Mediatek Dimensity 7360 Turbo (4 nm),Octa-core (4x2.5 GHz Cortex-A78 & 4x2.0 GHz Cortex-A55),Mali-G615 MC2,6.83,120,"AMOLED, 1B colors, 120Hz, HDR10+, 1900 nits (HBM)",1260,2800,200,1.9,1,0.0,7000,90,200.0,7.6,1
vivo_v60_lite_14172,Qualcomm SM6225 Snapdragon 685 (6 nm) - V2530Qualcomm Snapdragon 6s 4G Gen 2 - V2549,Octa-core (4x2.8 GHz Cortex-A73 & 4x1.9 GHz Cortex-A53) - V2530Octa-core (4x2.9 GHz Cortex-A73 & 4x1.9 GHz Cortex-A53) - V2549,Adreno 610,6.77,120,"AMOLED, 1B colors, 120Hz",1080,2392,50,1.8,1,0.0,6500,90,194.0,7.6,1
vivo_x300_pro_5g_14225,Mediatek Dimensity 9500 (3 nm),Octa-core (1x4.21 GHz C1-Ultra & 3x3.5 GHz C1-Premium & 4x2.7 GHz C1-Pro),Arm G1-Ultra,6.78,120,"LTPO AMOLED, 1B colors, 120Hz, 2160Hz PWM, HDR10+, HDR Vivid, Dolby Vision, 4500 nits (peak)",1260,2800,50,1.6,1,3.7,6510,90,226.0,8.0,1
vivo_y39_5g_13763,Qualcomm SM4450 Snapdragon 4 Gen 2 (4 nm),Octa-core (2x2.2 GHz Cortex-A78 & 6x1.95 GHz Cortex-A55),Adreno 613,6.68,120,"IPS LCD, 120Hz, 1000 nits (HBM)",720,1608,50,1.8,0,0.0,6500,44,205.0,8.3,1
vivo_v60_5g_14021,Qualcomm SM7750-AB Snapdragon 7 Gen 4 (4 nm),Octa-core (1x2.8 GHz Cortex-720 & 4x2.4 GHz Cortex-720 & 3x1.8 GHz Cortex-520),Adreno 722,6.77,120,"AMOLED, 1B colors, HDR10+, 120Hz, 1500 nits (HBM), 5000 nits (peak)",1080,2392,50,1.9,1,3.0,6500,90,192.0,7.5,1
vivo_v50_lite_13745,Mediatek Dimensity 6300 (6 nm),Octa-core (2x2.4 GHz Cortex-A76 & 6x2.0 GHz Cortex-A55),Mali-G57 MC2,6.77,120,"AMOLED, 120Hz, 1300 nits (HBM), 1800 nits (peak)",1080,2392,50,1.8,1,0.0,6500,90,197.0,7.8,1
vivo_y31d_14450,Qualcomm Snapdragon 6s 4G Gen 2,Octa-core (4x2.9 GHz Cortex-A73 & 4x1.9 GHz Cortex-A53),Adreno,6.75,120,"IPS LCD, 120Hz, 1250 nits (HBM)",720,1570,50,2.0,1,0.0,7200,44,219.0,8.4,1
vivo_y05_14510,Unisoc T7225 (12 nm),Octa-core (2x2.0 GHz Cortex-A75 & 6x1.8 GHz Cortex-A55),Mali-G52 MP1,6.74,120,"IPS LCD, 120Hz, 1200 nits (HBM)",720,1600,8,2.0,0,0.0,6500,15,209.0,8.4,1
vivo_y11_5g_14564,Mediatek Dimensity 6300 (6 nm),Octa-core (2x2.4 GHz Cortex-A76 & 6x2.0 GHz Cortex-A55),Mali-G57 MC2,6.74,120,"IPS LCD, 120Hz, 1200 nits (HBM)",720,1600,13,1.8,0,0.0,6500,15,209.0,8.4,1
vivo_v70_5g_14505,Qualcomm SM7750-AB Snapdragon 7 Gen 4 (4 nm),Octa-core (1x2.8 GHz Cortex-720 & 4x2.4 GHz Cortex-720 & 3x1.8 GHz Cortex-520),Adreno 722,6.59,120,"AMOLED, 1B colors, HDR10+, 120Hz, 1800 nits (HBM), 5000 nits (peak)",1260,2750,50,1.9,1,3.0,6500,90,187.0,7.4,1
vivo_y21d_14508,Unisoc T7225 (12 nm),Octa-core (2x1.8 GHz Cortex-A75 & 6x1.8 GHz Cortex-A55),Mali-G52 MP1,6.68,90,"IPS LCD, 90Hz, 1000 nits (HBM)",720,1608,50,1.8,0,0.0,6500,44,209.0,8.4,1
realme_16t_5g_14674,Mediatek Dimensity 6300 (6 nm),Octa-core (2x2.4 GHz Cortex-A76 & 6x2.0 GHz Cortex-A55),Mali-G57 MC2,6.81,144,"IPS LCD, 144Hz, 1200 nits (HBM)",720,1570,50,1.8,1,0.0,8000,45,224.0,8.8,1
realme_c100x_14628,Unisoc T7250 (12 nm),Octa-core (2x1.8 GHz Cortex-A75 & 6x1.6 GHz Cortex-A55),Mali-G57 MP1,6.8,120,"IPS LCD, 120Hz, 900 nits (HBM)",720,1570,50,1.8,0,0.0,8000,45,219.0,8.6,1
realme_c100_5g_14585,Mediatek Dimensity 6300 (6 nm),Octa-core (2x2.4 GHz Cortex-A76 & 6x2.0 GHz Cortex-A55),Mali-G57 MC2,6.8,144,"IPS LCD, 144Hz, 600 nits (typ), 900 nits (HBM)",720,1570,50,1.8,1,0.0,7000,5,224.0,8.9,1
realme_16_5g_14419,Mediatek Dimensity 6400 Turbo (6 nm),Octa-core (2x2.5 GHz Cortex-A76 & 6x2.0 GHz Cortex-A55),Mali-G57 MC2,6.57,120,"AMOLED, 1B colors, 120Hz, 2160Hz PWM, HDR, 1000 nits (typ), 1400 nits (HBM), 4500 nits (peak)",1080,2372,50,1.8,1,0.0,7000,60,183.0,8.1,1
realme_c85_14435,Qualcomm SM6225 Snapdragon 685 (6 nm),Octa-core (4x2.8 GHz Cortex-A73 & 4x1.9 GHz Cortex-A53),Adreno 610,6.8,144,"IPS LCD, 144Hz, 1200 nits (HBM)",720,1570,50,1.8,0,0.0,7000,45,215.0,8.4,1
realme_c85_pro_14275,Qualcomm SM6225 Snapdragon 685 (6 nm),Octa-core (4x2.8 GHz Cortex-A73 & 4x1.9 GHz Cortex-A53),Adreno 610,6.8,120,"AMOLED, 120Hz, 1200 nits (HBM), 4000 nits (peak)",1080,2344,50,1.8,0,0.0,7000,45,205.0,8.1,1
realme_c100i__india__14900,Unisoc T7250 (12 nm),Octa-core (2x1.8 GHz Cortex-A75 & 6x1.6 GHz Cortex-A55),Mali-G57 MP1,6.81,120,"IPS LCD, 120Hz, 900 nits (peak)",720,1570,8,2.0,0,0.0,6500,15,210.0,8.7,1
realme_p4_power_5g_14451,Mediatek Dimensity 7400 Ultra (4 nm),Octa-core (4x2.6 GHz Cortex-A78 & 4x2.0 GHz Cortex-A55),Mali-G615 MC2,6.8,144,"AMOLED, 1B colors, 144Hz, HDR10+, PWM, 600 nits (typ), 1800 nits (HBM), 6500 nits (peak)",1280,2800,50,1.8,1,0.0,10001,80,219.0,9.1,1
realme_15_pro_5g_14017,Qualcomm SM7750-AB Snapdragon 7 Gen 4 (4 nm),Octa-core (1x2.8 GHz Cortex-720 & 4x2.4 GHz Cortex-720 & 3x1.8 GHz Cortex-520),Adreno 722,6.8,144,"OLED, 1B colors, 144Hz, 4608Hz PWM, HDR10+, 1800 nits (HBM), 6500 nits (peak)",1280,2800,50,1.8,1,0.0,7000,80,187.0,7.7,1
realme_15t_5g_14105,Mediatek Dimensity 6400 Max (6 nm),Octa-core (2x2.5 GHz Cortex-A76 & 6x2.0 GHz Cortex-A55),Mali-G57 MC2,6.57,120,"AMOLED, 1B colors, 120Hz, 2160Hz PWM, 1000 nits (typ), 1400 nits (HBM), 4000 nits (peak)",1080,2372,50,1.8,1,0.0,7000,60,181.0,7.8,1
realme_note_80_14537,Unisoc T7250 (12 nm),Octa-core (2x1.8 GHz Cortex-A75 & 6x1.6 GHz Cortex-A55),Mali-G57 MP1,6.74,90,"LCD, 90Hz, 450 nits",720,1600,8,2.0,0,0.0,6300,15,197.0,7.9,1
realme_16_pro__5g_14363,Qualcomm SM7750-AB Snapdragon 7 Gen 4 (4 nm),Octa-core (1x2.8 GHz Cortex-720 & 4x2.4 GHz Cortex-720 & 3x1.8 GHz Cortex-520),Adreno 722,6.8,144,"AMOLED, 1B colors, 144Hz, HDR10+, 4608Hz PWM, 600 nits (typ), 1800 nits (HBM), 6500 nits (peak)",1280,2800,200,1.9,1,3.5,7000,80,198.0,8.1,1
realme_15_5g__global__14318,Mediatek Dimensity 7300+ (4 nm),Octa-core (4x2.6 GHz Cortex-A78 & 4x2.0 GHz Cortex-A55),Mali-G615 MC2,6.77,144,"AMOLED, 1B colors, 144Hz, 3840Hz PWM, HDR, 1600 nits (HBM), 4500 nits (peak)",1080,2392,50,1.8,1,0.0,7000,80,185.0,7.7,1
realme_14_13729,Qualcomm Snapdragon 6 Gen 4 (4 nm),Octa-core (1x2.3 GHz Cortex-A720s & 3x2.2 GHz Cortex-A720s & 4x1.8 GHz Cortex-A520s),Adreno 810,6.67,120,"AMOLED, 120Hz, 2000 nits (peak)",1080,2400,50,1.8,1,0.0,6000,45,196.0,8.0,1
honor_600_lite_5g_14522,Mediatek Dimensity 7100 Elite (6 nm),Octa-core (4x2.4 GHz Cortex-A78 & 4x2.0 GHz Cortex-A55),Mali-G610 MC2,6.6,120,"AMOLED, 1B colors, 120Hz, 3840Hz PWM, 800 nits (typ), 2000 nits (HBM), 6500 nits (peak)",1200,2600,108,1.8,1,0.0,6520,45,180.0,7.3,1
honor_600_pro_5g__china__14680,Mediatek Dimensity 8550 Elite (4 nm),Octa-core (1x3.4 GHz Cortex-A725 & 3x3.2 GHz Cortex-A725 & 4x2.2 GHz Cortex-A725),Mali-G720 MC8,6.57,120,"AMOLED, 1B colors, 120Hz, 3840Hz PWM, HDR Vivid, 800 nits (typ), 1800 nits (HBM), 8000 nits (peak)",1264,2728,200,1.9,1,3.5,8000,80,202.0,7.9,1
honor_x5c_14251,Mediatek Helio G81 (12 nm),Octa-core (2x2.0 GHz Cortex-A75 & 6x1.7 GHz Cortex-A55),Mali-G52 MC2,6.74,90,"TFT LCD, 90Hz",720,1600,50,1.8,0,0.0,5260,15,186.0,7.9,0
tecno_spark_50_pro_14728,Mediatek Helio G100 Ultimate (6 nm),Octa-core (2x2.2 GHz Cortex-A76 & 6x2.0 GHz Cortex-A55),Mali-G52 MC2,6.78,120,"IPS LCD, 120Hz",720,1600,50,1.8,0,0.0,6000,60,190.0,7.8,1
nubia_nubia_a56,MediaTek Dimensity / Helio,Octa-core,Adreno / Mali GPU,6.67,90,IPS LCD,1080,2400,50,1.8,0,0.0,5000,18,188.0,7.9,0
nubia_nubia_a36,MediaTek Dimensity / Helio,Octa-core,Adreno / Mali GPU,6.67,90,IPS LCD,1080,2400,50,1.8,0,0.0,5000,18,188.0,7.9,0
masstel_masstel_izi_t6_t127,Unisoc T107 4G,Single-core 1.0 GHz,Feature GPU,2.4,60,TFT LCD,240,320,2,2.8,0,0.0,1800,5,110.0,14.0,0
masstel_masstel_fami_50,Unisoc T107 4G,Single-core 1.0 GHz,Feature GPU,2.4,60,TFT LCD,240,320,2,2.8,0,0.0,1800,5,110.0,14.0,0
masstel_masstel_izi_10_type_c,Unisoc T107 4G,Single-core 1.0 GHz,Feature GPU,2.4,60,TFT LCD,240,320,2,2.8,0,0.0,1800,5,110.0,14.0,0
masstel_masstel_izi_10s,Unisoc T107 4G,Single-core 1.0 GHz,Feature GPU,2.4,60,TFT LCD,240,320,2,2.8,0,0.0,1800,5,110.0,14.0,0
masstel_masstel_izi_t6,Unisoc T107 4G,Single-core 1.0 GHz,Feature GPU,2.4,60,TFT LCD,240,320,2,2.8,0,0.0,1800,5,110.0,14.0,0
masstel_masstel_fami_60s,Unisoc T107 4G,Single-core 1.0 GHz,Feature GPU,2.4,60,TFT LCD,240,320,2,2.8,0,0.0,1800,5,110.0,14.0,0
masstel_masstel_izi_10,Unisoc T107 4G,Single-core 1.0 GHz,Feature GPU,2.4,60,TFT LCD,240,320,2,2.8,0,0.0,1800,5,110.0,14.0,0
mobell_mobell_m239,Unisoc T107 4G,Single-core 1.0 GHz,Feature GPU,2.4,60,TFT LCD,240,320,2,2.8,0,0.0,1800,5,110.0,14.0,0
mobell_mobell_rock_7,Unisoc T107 4G,Single-core 1.0 GHz,Feature GPU,2.4,60,TFT LCD,240,320,2,2.8,0,0.0,1800,5,110.0,14.0,0
mobell_mobell_m331,Unisoc T107 4G,Single-core 1.0 GHz,Feature GPU,2.4,60,TFT LCD,240,320,2,2.8,0,0.0,1800,5,110.0,14.0,0
motorola_razr_fold_5g_14402,Qualcomm SM8845 Snapdragon 8 Gen 5 (3 nm),Octa-core (2x3.8 GHz Oryon V3 Phoenix L + 6x3.32 GHz Oryon V3 Phoenix M),Adreno 829,8.1,120,"Foldable LTPO P-OLED, 1B colors, 120Hz, Dolby Vision, HDR10+, 6200 nits (peak)",2232,2484,50,1.6,1,3.0,6000,80,243.0,4.7,1
motorola_edge_70_fusion__5g_14540,Qualcomm SM7635-AC Snapdragon 7s Gen 4 (4 nm),Octa-core (1x2.7 GHz Cortex-A720 & 3x2.4 GHz Cortex-A720 & 4x1.8 GHz Cortex-A520),Adreno 810,6.8,144,"AMOLED, 1B colors, 144Hz, HDR10+, 5200 nits (peak)",1272,2772,50,1.8,1,3.0,5200,68,177.0,7.2,1
motorola_motorola_g57_power,MediaTek Dimensity / Helio,Octa-core,Adreno / Mali GPU,6.67,120,AMOLED,1080,2400,50,1.8,0,0.0,5000,33,188.0,7.9,1
motorola_edge_70_5g_14216,Qualcomm SM7750-AB Snapdragon 7 Gen 4 (4 nm),Octa-core (1x2.8 GHz Cortex-720 & 4x2.4 GHz Cortex-720 & 3x1.8 GHz Cortex-520),Adreno 722,6.7,120,"P-OLED, 1B colors, 120Hz, PWM, HDR10+, 4500 nits (peak)",1220,2712,50,1.8,1,0.0,4800,68,159.0,6.0,1
motorola_motorola_g06_power,MediaTek Dimensity / Helio,Octa-core,Adreno / Mali GPU,6.67,90,IPS LCD,1080,2400,50,1.8,0,0.0,5000,18,188.0,7.9,0
motorola_motorola_g35,MediaTek Dimensity / Helio,Octa-core,Adreno / Mali GPU,6.67,90,IPS LCD,1080,2400,50,1.8,0,0.0,5000,33,188.0,7.9,1
motorola_motorola_g86_power,MediaTek Dimensity / Helio,Octa-core,Adreno / Mali GPU,6.67,120,IPS LCD,1080,2400,50,1.8,0,0.0,5000,33,188.0,7.9,1
motorola_edge_60_fusion_13752,"Mediatek Dimensity 7300 (4 nm) - GlobalMediatek Dimensity 7400 (4 nm) - India, Indonesia","Octa-core (4x2.5 GHz Cortex-A78 & 4x2.0 GHz Cortex-A55) - GlobalOcta-core (4x2.6 GHz Cortex-A78 & 4x2.0 GHz Cortex-A55) - India, Indonesia",Mali-G615 MC2,6.67,120,"P-OLED, 1B colors, 120Hz, HDR10+, 1500 nits (HBM), 4500 nits (peak)",1220,2712,50,1.9,1,0.0,5200,68,177.5,8.0,1
motorola_razr_60_13749,Mediatek Dimensity 7400X (4 nm),Octa-core (4x2.6 GHz Cortex-A78 & 4x2.0 GHz Cortex-A55),Mali-G615 MC2,6.9,120,"Foldable LTPO AMOLED, 1B colors, 120Hz, HDR10+, 3000 nits (peak)",1080,2640,50,1.7,1,3.0,4500,30,188.0,7.3,1
motorola_moto_g37_14646,Mediatek Dimensity 6300 (6 nm) - globalMediatek Dimensity 6400 (6 nm) - India,Octa-core (2x2.4 GHz Cortex-A76 & 6x2.0 GHz Cortex-A55),Mali-G57 MC2,6.67,120,"IPS LCD, 120Hz, HDR10, 1050 nits (peak)",720,1604,50,1.8,0,0.0,5200,20,191.0,7.8,1
motorola_signature_5g_14397,Qualcomm SM8845 Snapdragon 8 Gen 5 (3 nm),Octa-core (2x3.8 GHz Oryon V3 Phoenix L + 6x3.32 GHz Oryon V3 Phoenix M),Adreno 829,6.8,165,"LTPO AMOLED, 1B colors, 165Hz, Dolby Vision, HDR10+, 6200 nits (peak)",1264,2780,50,1.6,1,3.0,5200,90,186.0,7.0,1
viettel_xphone_hera_s9,Unisoc T107 4G,Single-core 1.0 GHz,Feature GPU,2.4,60,TFT LCD,240,320,2,2.8,0,0.0,1800,5,110.0,14.0,0
apple_8_iphone_16e,Apple A-Series,Octa-core,Adreno / Mali GPU,6.67,120,AMOLED,1080,2400,50,1.8,1,3.0,5000,67,188.0,7.9,1
apple_18_iphone_16e_sim_viettel,Apple A-Series,Octa-core,Adreno / Mali GPU,6.67,120,AMOLED,1080,2400,50,1.8,1,3.0,5000,67,188.0,7.9,1
samsung_galaxy_z_flip7_13712,Exynos 2500 (3 nm),10-core (1x3.3GHz Cortex-X925 & 2x2.74GHz Cortex-A725 & 5x2.36GHz Cortex-A725 & 2x1.8GHz Cortex-A520),Xclipse 950,6.9,120,"Foldable Dynamic LTPO AMOLED 2X, 120Hz, HDR10+, 2600 nits (peak)",1080,2520,50,1.8,1,3.0,4300,25,188.0,6.5,1
samsung_galaxy_a36_13497,Qualcomm SM6475-AB Snapdragon 6 Gen 3 (4 nm),Octa-core (4x2.4 GHz Cortex-A78 & 4x1.8 GHz Cortex-A55),Adreno 710,6.7,120,"Super AMOLED, 120Hz, 1200 nits (HBM), 1900 nits (peak)",1080,2340,50,1.8,1,0.0,5000,45,195.0,7.4,1
samsung_galaxy_a26_13679,Exynos 1380 (5 nm) - GlobalExynos 1280 (5 nm) - LATAM,Octa-core (4x2.4 GHz Cortex-A78 & 4x2.0 GHz Cortex-A55) - GlobalOcta-core (2x2.4 GHz Cortex-A78 & 6x2.0 GHz Cortex-A55) - LATAM,Mali-G68 MP5 - GlobalMali-G68 - LATAM,6.7,120,"Super AMOLED, 120Hz",1080,2340,50,1.8,1,0.0,5000,25,200.0,7.7,1
samsung_galaxy_a06_5g_13662,Mediatek Dimensity 6300 (6 nm),Octa-core (2x2.4 GHz Cortex-A76 & 6x2.0 GHz Cortex-A55),Mali-G57 MC2,6.7,90,"PLS LCD, 90Hz",720,1600,50,1.8,0,0.0,5000,25,191.0,8.0,1
samsung_galaxy_s24_fe_13262,Exynos 2400e (4 nm),10-core (1x3.1 GHz + 2x2.9 GHz + 3x2.6 GHz + 4x1.95 GHz),Xclipse 940,6.7,120,"Dynamic AMOLED 2X, 120Hz, HDR10+, 1900 nits (peak)",1080,2340,50,1.8,1,3.0,4700,25,213.0,8.0,1
xiaomi_poco_x7_13604,Mediatek Dimensity 7300 Ultra (4 nm),Octa-core (4x2.5 GHz Cortex-A78 & 4x2.0 GHz Cortex-A55),Mali-G615 MC2,6.67,120,"AMOLED, 68B colors, 120Hz, 1920Hz PWM, HDR10+, Dolby Vision, 1200 nits (HBM), 3000 nits (peak)",1220,2712,50,1.5,1,0.0,5110,45,185.5,8.4,1
xiaomi_15t_pro_5g_14178,Mediatek Dimensity 9400+ (3 nm),Octa-core (1x3.63 GHz Cortex-X925 & 3x3.3 GHz Cortex-X4 & 4x2.4 GHz Cortex-A720),Immortalis-G925,6.83,144,"AMOLED, 68B colors, 144Hz, 3840Hz PWM, Dolby Vision, HDR10+, 3200 nits (peak)",1280,2772,50,1.6,1,5.0,5500,90,210.0,8.0,1
xiaomi_poco_c81_pro_14635,Unisoc T7250 (12 nm),Octa-core (2x1.8 GHz Cortex-A75 & 6x1.6 GHz Cortex-A55),Mali-G57 MP1,6.9,120,"IPS LCD, 120Hz, 650 nits (typ), 800 nits (peak)",720,1600,13,2.2,0,0.0,6000,15,208.0,8.2,1
xiaomi_15t_5g_14177,Mediatek Dimensity 8400 Ultra (4 nm),Octa-core (1x3.25 GHz Cortex-A725 & 3x3.0 GHz Cortex-A725 & 4x2.1 GHz Cortex-A725),Mali-G720 MC7,6.83,120,"AMOLED, 68B colors, 120Hz, 3840Hz PWM, Dolby Vision, HDR10+, 3200 nits (peak)",1280,2772,50,1.7,1,2.0,5500,67,194.0,7.5,1
xiaomi_redmi_13x_4g_13764,Mediatek Helio G91 Ultra (12 nm),Octa-core (2x2.0 GHz Cortex-A75 & 6x1.8 GHz Cortex-A55),Mali-G52 MC2,6.79,90,"IPS LCD, 90Hz, 550 nits (HBM)",1080,2460,108,1.8,0,0.0,5030,33,205.0,8.3,1
oppo_reno13_f_13607,Qualcomm SM6450 Snapdragon 6 Gen 1 (4 nm),Octa-core (4x2.2 GHz Cortex-A78 & 4x1.8 GHz Cortex-A55),Adreno 710,6.67,120,"AMOLED, 120Hz, 600 nits (typ), 1200 nits (HMB), 2100 nits (peak)",1080,2400,50,1.8,1,0.0,5800,45,192.0,7.8,1
masstel_masstel_fami_25_128mb,Unisoc T107 4G,Single-core 1.0 GHz,Feature GPU,2.4,60,TFT LCD,240,320,2,2.8,0,0.0,1800,5,110.0,14.0,0
tcl_60r_5g_13772,Mediatek Dimensity 6300 (6 nm),Octa-core (2x2.4 GHz Cortex-A76 & 6x2.0 GHz Cortex-A55),Mali-G57 MC2,6.7,120,"IPS LCD, 120Hz, 480 nits (typ)",720,1600,50,1.8,0,0.0,5200,10,190.0,8.2,1
benco_benco_s1_pro,MediaTek Dimensity / Helio,Octa-core,Adreno / Mali GPU,6.67,90,IPS LCD,1080,2400,50,1.8,0,0.0,5000,18,188.0,7.9,0
benco_benco_v90_plus,MediaTek Dimensity / Helio,Octa-core,Adreno / Mali GPU,6.67,90,IPS LCD,1080,2400,50,1.8,0,0.0,5000,18,188.0,7.9,0
benco_benco_v91_plus,MediaTek Dimensity / Helio,Octa-core,Adreno / Mali GPU,6.67,90,IPS LCD,1080,2400,50,1.8,0,0.0,5000,18,188.0,7.9,0
nubia_17_nubia_neo_5,MediaTek Dimensity / Helio,Octa-core,Adreno / Mali GPU,6.67,120,AMOLED,1080,2400,50,1.8,1,0.0,5000,33,188.0,7.9,1
nubia_9_nubia_a76,MediaTek Dimensity / Helio,Octa-core,Adreno / Mali GPU,6.67,90,IPS LCD,1080,2400,50,1.8,0,0.0,5000,18,188.0,7.9,0
viettel_viettel_sumo_t2,Unisoc T107 4G,Single-core 1.0 GHz,Feature GPU,2.4,60,TFT LCD,240,320,2,2.8,0,0.0,1800,5,110.0,14.0,0
xiaomi_14_12626,Qualcomm SM8650-AB Snapdragon 8 Gen 3 (4 nm),Octa-core (1x3.3 GHz Cortex-X4 & 3x3.2 GHz Cortex-A720 & 2x3.0 GHz Cortex-A720 & 2x2.3 GHz Cortex-A520),Adreno 750,6.36,120,"LTPO OLED, 68B colors, 120Hz, Dolby Vision, HDR10+, 1000 nits (typ), 3000 nits (peak)",1200,2670,50,1.6,1,3.2,4610,90,188.0,8.2,1
xiaomi_mi_note_10_lite_10183,Qualcomm SDM730 Snapdragon 730G (8 nm),Octa-core (2x2.2 GHz Kryo 470 Gold & 6x1.8 GHz Kryo 470 Silver),Adreno 618,6.47,60,"AMOLED, HDR10, 430 nits (typ)",1080,2340,64,1.9,1,0.0,5260,30,204.0,9.7,1
apple_galaxy_z_fold8,Apple A-Series,Octa-core,Adreno / Mali GPU,6.67,90,IPS LCD,1080,2400,50,1.8,0,0.0,5000,33,188.0,7.9,1
apple_galaxy_z_fold8_ultra,Apple A-Series,Octa-core,Adreno / Mali GPU,6.67,90,IPS LCD,1080,2400,50,1.8,0,0.0,5000,33,188.0,7.9,1
apple_galaxy_z_flip8,Apple A-Series,Octa-core,Adreno / Mali GPU,6.67,90,IPS LCD,1080,2400,50,1.8,0,0.0,5000,33,188.0,7.9,1
oppo_iphone_18_pro_pre_order,MediaTek Dimensity / Helio,Octa-core,Adreno / Mali GPU,6.67,90,IPS LCD,1080,2400,50,1.8,0,0.0,5000,33,188.0,7.9,1
oppo_reno16c_5g_14768,Mediatek Dimensity 7300 Energy (4 nm),Octa-core (4x2.5 GHz Cortex-A78 & 4x2.0 GHz Cortex-A55),Mali-G615 MC2,6.57,120,"AMOLED, 1B colors, 120Hz, 600 nits (typ), 1400 nits (HBM)",1080,2372,50,1.8,1,3.5,7000,80,195.0,8.4,1
oppo_vivo_y39,MediaTek Dimensity / Helio,Octa-core,Adreno / Mali GPU,6.67,90,IPS LCD,1080,2400,50,1.8,0,0.0,5000,33,188.0,7.9,1
oppo_tecno_spark_50,MediaTek Dimensity / Helio,Octa-core,Adreno / Mali GPU,6.67,90,IPS LCD,1080,2400,50,1.8,0,0.0,5000,33,188.0,7.9,1
oppo_honor_x8d,MediaTek Dimensity / Helio,Octa-core,Adreno / Mali GPU,6.67,90,IPS LCD,1080,2400,50,1.8,0,0.0,5000,33,188.0,7.9,1
